month,log_return,first_equity,last_equity,min_drawdown,turnover,orders,return_pct,drawdown_pct,scenario_id,candidate,miss_rate,seed
2025-01,0.06586270102717974,0.9999000049998333,1.0680800608031016,-0.1755076110748066,50.2,12,6.808006080310158,-17.55076110748066,2C_miss0.02_seed1,2C,0.02,1
2025-02,0.1025146992509897,1.0679732581372436,1.1833831355077296,-0.06766700206675302,20.3,13,10.795358787798182,-6.766700206675303,2C_miss0.02_seed1,2C,0.02,1
2025-03,0.34854514671692954,1.1829425129969353,1.6768592454935607,-0.28832514363126094,65.9,11,41.7004514581075,-28.832514363126094,2C_miss0.02_seed1,2C,0.02,1
2025-04,0.06632843698207498,1.676691567953028,1.7918542615351654,-0.2940311707059141,80.0,16,6.857761994672207,-29.40311707059141,2C_miss0.02_seed1,2C,0.02,1
2025-05,0.1595710472801596,1.7916750850679846,2.101858663754874,-0.17783438264389462,48.0,12,17.300759825975653,-17.78343826438946,2C_miss0.02_seed1,2C,0.02,1
2025-06,0.08989159239832537,2.1016484883974416,2.2995503956073766,-0.1815275883768277,48.0,12,9.405567332454945,-18.152758837682768,2C_miss0.02_seed1,2C,0.02,1
2025-07,0.04749101044866284,2.2993204520651847,2.41139310920104,-0.08149207399680847,32.4,14,4.863677430479729,-8.149207399680847,2C_miss0.02_seed1,2C,0.02,1
2025-08,0.09101474132181223,2.4111519819466833,2.6411630659494856,-0.10331569017922348,32.2,12,9.528515109034807,-10.331569017922348,2C_miss0.02_seed1,2C,0.02,1
2025-09,0.05976242129193255,2.640898962848266,2.803817262393003,-0.10192151979435926,32.2,12,6.1584306755040785,-10.192151979435927,2C_miss0.02_seed1,2C,0.02,1
2025-10,0.11288325522375074,2.8035368946853825,3.1388768722583187,-0.16468621952538975,51.9,16,11.950122939871921,-16.468621952538975,2C_miss0.02_seed1,2C,0.02,1
2025-11,0.20004930992724415,3.1385630002649543,3.8340219199823244,-0.10856216691394205,36.2,14,22.146298692623635,-10.856216691394206,2C_miss0.02_seed1,2C,0.02,1
2025-12,0.17030175358101537,3.833638536959797,4.545856303300808,-0.11251118499351642,32.2,12,18.56625752733738,-11.251118499351643,2C_miss0.02_seed1,2C,0.02,1
2026-01,0.1238838054732591,4.545401740399003,5.1453835824721965,-0.20989094466236902,68.3,13,13.188434459225352,-20.989094466236903,2C_miss0.02_seed1,2C,0.02,1
2026-02,0.26147883622951384,5.101026275135692,6.6830786501764425,-0.24427114631985958,60.1,11,29.88494527293184,-24.42711463198596,2C_miss0.02_seed1,2C,0.02,1
2026-03,0.21158692714390342,6.682410375725704,8.257861736083216,-0.2925249695229706,36.0,12,23.563737138798956,-29.252496952297058,2C_miss0.02_seed1,2C,0.02,1
2026-04,0.18975958475467902,8.257035991197538,9.983415528033245,-0.11229497873015337,36.0,12,20.895891056278117,-11.229497873015337,2C_miss0.02_seed1,2C,0.02,1
2026-05,0.13330054833545787,9.982417236395854,11.406984205207214,-0.0950269055650087,32.2,12,14.259335126106066,-9.50269055650087,2C_miss0.02_seed1,2C,0.02,1
2026-06,0.38571308156925127,11.40584356381971,16.775825620367364,-0.2113058144879908,54.7,12,47.066265005515675,-21.13058144879908,2C_miss0.02_seed1,2C,0.02,1
2025-01,0.06586270102717974,0.9999000049998333,1.0680800608031016,-0.1755076110748066,50.2,12,6.808006080310158,-17.55076110748066,2C_miss0.02_seed2,2C,0.02,2
2025-02,0.1025146992509897,1.0679732581372436,1.1833831355077296,-0.06766700206675302,20.3,13,10.795358787798182,-6.766700206675303,2C_miss0.02_seed2,2C,0.02,2
2025-03,0.34854514671692954,1.1829425129969353,1.6768592454935607,-0.28832514363126094,65.9,11,41.7004514581075,-28.832514363126094,2C_miss0.02_seed2,2C,0.02,2
2025-04,0.06632843698207498,1.676691567953028,1.7918542615351654,-0.2940311707059141,80.0,16,6.857761994672207,-29.40311707059141,2C_miss0.02_seed2,2C,0.02,2
2025-05,0.15859831815397674,1.7916750850679846,2.09981511868256,-0.17783438264389462,48.0,12,17.186713437484038,-17.78343826438946,2C_miss0.02_seed2,2C,0.02,2
2025-06,0.08989159239832537,2.0996051476694175,2.2973146435273173,-0.1815275883768276,48.0,12,9.405567332454945,-18.152758837682757,2C_miss0.02_seed2,2C,0.02,2
2025-07,0.03688783771150453,2.2973146435273173,2.383640002745831,-0.07515483744407336,32.4,14,3.757663734122585,-7.515483744407336,2C_miss0.02_seed2,2C,0.02,2
2025-08,0.09101474132181223,2.383401650663359,2.6107655005524655,-0.09712902545528657,32.2,12,9.528515109034807,-9.712902545528657,2C_miss0.02_seed2,2C,0.02,2
2025-09,0.05976242129193255,2.6105044370558024,2.7715476840039663,-0.10192151979435904,32.2,12,6.1584306755040785,-10.192151979435904,2C_miss0.02_seed2,2C,0.02,2
2025-10,0.1140690579660709,2.771270543092842,3.1064324725663695,-0.16468621952538975,51.9,16,12.082952441886373,-16.468621952538975,2C_miss0.02_seed2,2C,0.02,2
2025-11,0.20004930992724415,3.1061218448507577,3.7943922866255675,-0.10750447050114531,36.2,14,22.146298692623635,-10.75044705011453,2C_miss0.02_seed2,2C,0.02,2
2025-12,0.17030175358101537,3.794012866368234,4.498868930157896,-0.11251118499351631,32.2,12,18.56625752733738,-11.25111849935163,2C_miss0.02_seed2,2C,0.02,2
2026-01,0.10944515013232718,4.498419065758475,5.0192030517101935,-0.2098909446623689,68.3,13,11.565887551519282,-20.989094466236892,2C_miss0.02_seed2,2C,0.02,2
2026-02,0.2634090763370728,4.97593352111437,6.531784889694695,-0.2442711463198597,60.1,11,30.13589652383377,-24.42711463198597,2C_miss0.02_seed2,2C,0.02,2
2026-03,0.23835834324919064,6.531131743863561,8.28990563464177,-0.2925249695229706,36.0,12,26.91639076664769,-29.252496952297058,2C_miss0.02_seed2,2C,0.02,2
2026-04,0.18975958475467902,8.28907668552645,10.022155284724777,-0.09533914744419314,36.0,12,20.895891056278117,-9.533914744419313,2C_miss0.02_seed2,2C,0.02,2
2026-05,0.13330054833545787,10.02115311930541,11.45124799363243,-0.09502690556500881,32.2,12,14.259335126106066,-9.50269055650088,2C_miss0.02_seed2,2C,0.02,2
2026-06,0.37910887719669967,11.450102926087396,16.730068280886478,-0.2113058144879908,54.7,12,46.09820947192284,-21.13058144879908,2C_miss0.02_seed2,2C,0.02,2
2025-01,0.06586270102717974,0.9999000049998333,1.0680800608031016,-0.1755076110748066,50.2,12,6.808006080310158,-17.55076110748066,2C_miss0.02_seed3,2C,0.02,3
2025-02,0.10255935438652852,1.0679732581372436,1.1834359808219386,-0.06766700206675302,20.3,13,10.800306480031029,-6.766700206675303,2C_miss0.02_seed3,2C,0.02,3
2025-03,0.34854514671692954,1.182995338634647,1.6769341275423693,-0.288293362984511,65.9,11,41.7004514581075,-28.829336298451103,2C_miss0.02_seed3,2C,0.02,3
2025-04,0.06632843698207498,1.676766442514006,1.7919342788166577,-0.2940311707059142,80.0,16,6.857761994672207,-29.40311707059142,2C_miss0.02_seed3,2C,0.02,3
2025-05,0.16267498321787036,1.7917550943481488,2.1084869866440523,-0.17783438264389473,48.0,12,17.665419517307136,-17.783438264389474,2C_miss0.02_seed3,2C,0.02,3
2025-06,0.08989159239832537,2.1082761484874717,2.3068021498689095,-0.1815275883768277,48.0,12,9.405567332454945,-18.152758837682768,2C_miss0.02_seed3,2C,0.02,3
2025-07,0.05425857473835014,2.306571481187549,2.4354238070682626,-0.07525493122970295,32.4,14,5.575755909827906,-7.525493122970294,2C_miss0.02_seed3,2C,0.02,3
2025-08,0.09306724142733733,2.4351802768642687,2.672964165301383,-0.09722674102696927,32.2,12,9.75355326427021,-9.722674102696926,2C_miss0.02_seed3,2C,0.02,3
2025-09,0.05976242129193255,2.6726968822492285,2.837576810402535,-0.10192151979435926,32.2,12,6.1584306755040785,-10.192151979435927,2C_miss0.02_seed3,2C,0.02,3
2025-10,0.11288325522375074,2.837293066908906,3.1766707277589354,-0.16468621952538987,51.9,16,11.950122939871921,-16.468621952538985,2C_miss0.02_seed3,2C,0.02,3
2025-11,0.20004930992724415,3.176353076568984,3.8801857156095663,-0.10856216691394205,36.2,14,22.146298692623635,-10.856216691394206,2C_miss0.02_seed3,2C,0.02,3
2025-12,0.16719234107435405,3.8797977164382873,4.586308070201725,-0.11521551371929228,32.0,10,18.19815870543271,-11.521551371929228,2C_miss0.02_seed3,2C,0.02,3
2026-01,0.10944515013232718,4.585849462325481,5.116755304367508,-0.21234390403303105,68.3,13,11.565887551519282,-21.234390403303106,2C_miss0.02_seed3,2C,0.02,3
2026-02,0.2544637492364744,5.072644795604918,6.599436441800592,-0.24427114631985958,60.1,11,28.976979535595593,-24.42711463198596,2C_miss0.02_seed3,2C,0.02,3
2026-03,0.21158692714390342,6.598776531152495,8.154510297588585,-0.2925249695229706,36.0,12,23.563737138798956,-29.252496952297058,2C_miss0.02_seed3,2C,0.02,3
2026-04,0.1798212593972438,8.153694887330017,9.760976477277499,-0.11229497873015437,36.0,12,19.70033908920279,-11.229497873015436,2C_miss0.02_seed3,2C,0.02,3
2026-05,0.13330054833545787,9.760000428433024,11.152826824752877,-0.0950269055650087,32.2,12,14.259335126106066,-9.50269055650087,2C_miss0.02_seed3,2C,0.02,3
2026-06,0.37518085395598927,11.151711597832675,16.230202309619248,-0.2113058144879909,54.7,12,45.525457936794126,-21.13058144879909,2C_miss0.02_seed3,2C,0.02,3
2025-01,0.06539707697736687,0.9999000049998333,1.0675828528046503,-0.1755076110748066,50.2,12,6.758285280465026,-17.55076110748066,2C_miss0.05_seed1,2C,0.05,1
2025-02,0.1025146992509897,1.067476099857106,1.1828322521219237,-0.06810101768112953,20.3,13,10.795358787798182,-6.810101768112952,2C_miss0.05_seed1,2C,0.05,1
2025-03,0.3469266396686062,1.18239183472781,1.6733680902690986,-0.28832514363126105,64.9,9,41.47129377535877,-28.832514363126105,2C_miss0.05_seed1,2C,0.05,1
2025-04,0.06632843698207498,1.6732007618266334,1.7881236911945448,-0.29403117070591434,80.0,16,6.857761994672207,-29.403117070591435,2C_miss0.05_seed1,2C,0.05,1
2025-05,0.1595710472801596,1.787944887765746,2.097482676399484,-0.17783438264389473,48.0,12,17.300759825975653,-17.783438264389474,2C_miss0.05_seed1,2C,0.05,1
2025-06,0.09151937380090484,2.0972729386189077,2.298501235894489,-0.1801942092762301,48.0,12,9.58380070342566,-18.01942092762301,2C_miss0.05_seed1,2C,0.05,1
2025-07,0.061388844135811894,2.2982713972630227,2.4440246277904505,-0.06863768643180324,32.4,14,6.331229656238535,-6.8637686431803235,2C_miss0.05_seed1,2C,0.05,1
2025-08,0.09101474132181223,2.4437802375473874,2.676903883717995,-0.09124752489812193,32.2,12,9.528515109034807,-9.124752489812193,2C_miss0.05_seed1,2C,0.05,1
2025-09,0.05976242129193255,2.6766362067136966,2.841759153646644,-0.10192151979435915,32.2,12,6.1584306755040785,-10.192151979435915,2C_miss0.05_seed1,2C,0.05,1
2025-10,0.11288325522375074,2.8414749919396014,3.181352866162483,-0.16468621952538987,51.9,16,11.950122939871921,-16.468621952538985,2C_miss0.05_seed1,2C,0.05,1
2025-11,0.20004930992724415,3.1810347467821005,3.8859047743691653,-0.10856216691394216,36.2,14,22.146298692623635,-10.856216691394216,2C_miss0.05_seed1,2C,0.05,1
2025-12,0.17030175358101537,3.8855162033206048,4.607371862045643,-0.11251118499351631,32.2,12,18.56625752733738,-11.25111849935163,2C_miss0.05_seed1,2C,0.05,1
2026-01,0.1238838054732591,4.606911147895531,5.21501208036432,-0.2098909446623689,68.3,13,13.188434459225352,-20.989094466236892,2C_miss0.05_seed1,2C,0.05,1
2026-02,0.2647827816450169,5.170054519882278,6.795931923111739,-0.2417701301029499,60.1,11,30.314787739417206,-24.17701301029499,2C_miss0.05_seed1,2C,0.05,1
2026-03,0.21238560070368967,6.795252363897955,8.404016843993414,-0.2901836449650086,36.0,12,23.662463648478592,-29.01836449650086,2C_miss0.05_seed1,2C,0.05,1
2026-04,0.1765298727057002,8.403176484327696,10.02658093457942,-0.1086455823427257,36.0,12,19.3070066458243,-10.86455823427257,2C_miss0.05_seed1,2C,0.05,1
2026-05,0.13500264041346385,10.025578326617193,11.475821001774008,-0.0934852463794158,32.0,10,14.453980640563957,-9.34852463794158,2C_miss0.05_seed1,2C,0.05,1
2026-06,0.36014983854091587,11.47467347705102,16.451096621718865,-0.22174850928010248,54.7,12,43.35441986395345,-22.174850928010247,2C_miss0.05_seed1,2C,0.05,1
2025-01,0.06586270102717974,0.9999000049998333,1.0680800608031016,-0.1755076110748066,50.2,12,6.808006080310158,-17.55076110748066,2C_miss0.05_seed2,2C,0.05,2
2025-02,0.1025146992509897,1.0679732581372436,1.1833831355077296,-0.06766700206675302,20.3,13,10.795358787798182,-6.766700206675303,2C_miss0.05_seed2,2C,0.05,2
2025-03,0.34854514671692954,1.1829425129969353,1.6768592454935607,-0.28832514363126094,65.9,11,41.7004514581075,-28.832514363126094,2C_miss0.05_seed2,2C,0.05,2
2025-04,0.07351119390385133,1.676691567953028,1.8047710486726083,-0.28894211335933684,80.0,16,7.6280584385839845,-28.894211335933683,2C_miss0.05_seed2,2C,0.05,2
2025-05,0.15859831815397674,1.8045905805912956,2.114951877010645,-0.17190770741193973,48.0,12,17.186713437484038,-17.190770741193973,2C_miss0.05_seed2,2C,0.05,2
2025-06,0.12557080265452555,2.114740392397351,2.397922797877673,-0.17713941603310235,48.0,12,13.379544184569792,-17.713941603310236,2C_miss0.05_seed2,2C,0.05,2
2025-07,0.0525563203692335,2.397922797877673,2.527319315898624,-0.07668468497273062,32.2,12,5.396191993148203,-7.668468497273063,2C_miss0.05_seed2,2C,0.05,2
2025-08,0.09101474132181223,2.5270665966032095,2.768135318767579,-0.09862252402675165,32.2,12,9.528515109034807,-9.862252402675164,2C_miss0.05_seed2,2C,0.05,2
2025-09,0.05976242129193255,2.7678585190759173,2.938609013378024,-0.10192151979435926,32.2,12,6.1584306755040785,-10.192151979435927,2C_miss0.05_seed2,2C,0.05,2
2025-10,0.11403200258009925,2.938315167169242,3.2935576966045876,-0.16468621952538975,47.9,14,12.078799241772487,-16.468621952538975,2C_miss0.05_seed2,2C,0.05,2
2025-11,0.20004930992724415,3.293228357302167,4.022958821708531,-0.10368691907104721,36.2,14,22.146298692623635,-10.368691907104722,2C_miss0.05_seed2,2C,0.05,2
2025-12,0.17030175358101537,4.022556545940483,4.769871716765674,-0.11251118499351642,32.2,12,18.56625752733738,-11.251118499351643,2C_miss0.05_seed2,2C,0.05,2
2026-01,0.10944515013232718,4.769394753442561,5.32154971587851,-0.20989094466236902,68.3,13,11.565887551519282,-20.989094466236903,2C_miss0.05_seed2,2C,0.05,2
2026-02,0.26671302175257583,5.275673716068153,6.9481649077680085,-0.24177013010295,60.1,11,30.566569490762664,-24.177013010295,2C_miss0.05_seed2,2C,0.05,2
2026-03,0.22815079004307778,6.947470126016898,8.728804096845957,-0.2783284311585532,36.0,12,25.627474487359937,-27.832843115855322,2C_miss0.05_seed2,2C,0.05,2
2026-04,0.1930651370509776,8.727931260078837,10.587705926543878,-0.09533914744419303,36.0,12,21.296179970055775,-9.533914744419302,2C_miss0.05_seed2,2C,0.05,2
2026-05,0.13330054833545787,10.586647208887987,12.09744239677636,-0.09502690556500881,32.2,12,14.259335126106066,-9.50269055650088,2C_miss0.05_seed2,2C,0.05,2
2026-06,0.3792011318102952,12.096232713021877,17.67577733037896,-0.2113058144879909,54.7,12,46.11168832751842,-21.13058144879909,2C_miss0.05_seed2,2C,0.05,2
2025-01,0.06586270102717974,0.9999000049998333,1.0680800608031016,-0.1755076110748066,50.2,12,6.808006080310158,-17.55076110748066,2C_miss0.05_seed3,2C,0.05,3
2025-02,0.10255935438652852,1.0679732581372436,1.1834359808219386,-0.06766700206675302,20.3,13,10.800306480031029,-6.766700206675303,2C_miss0.05_seed3,2C,0.05,3
2025-03,0.3505035385063208,1.182995338634647,1.6802214394407622,-0.28689819685508466,65.9,11,41.97822836802616,-28.689819685508468,2C_miss0.05_seed3,2C,0.05,3
2025-04,0.06632843698207498,1.6800534256976452,1.7954470267410652,-0.2940311707059142,80.0,16,6.857761994672207,-29.40311707059142,2C_miss0.05_seed3,2C,0.05,3
2025-05,0.16267498321787036,1.795267491015327,2.112620276225892,-0.17783438264389462,48.0,12,17.665419517307136,-17.78343826438946,2C_miss0.05_seed3,2C,0.05,3
2025-06,0.08989159239832537,2.1124090247610186,2.3113241987854143,-0.1815275883768277,48.0,12,9.405567332454945,-18.152758837682768,2C_miss0.05_seed3,2C,0.05,3
2025-07,0.05425857473835014,2.3110930779217713,2.4401979943944747,-0.07525493122970295,32.4,14,5.575755909827906,-7.525493122970294,2C_miss0.05_seed3,2C,0.05,3
2025-08,0.09033648133194908,2.4399539867956186,2.6709004495739426,-0.09722674102696938,32.2,12,9.454251487355858,-9.722674102696939,2C_miss0.05_seed3,2C,0.05,3
2025-09,0.05976242129193255,2.6706333728830423,2.8353860021726804,-0.10192151979435926,32.2,12,6.1584306755040785,-10.192151979435927,2C_miss0.05_seed3,2C,0.05,3
2025-10,0.11288325522375074,2.8351024777489204,3.1742181152522364,-0.16468621952538975,51.9,16,11.950122939871921,-16.468621952538975,2C_miss0.05_seed3,2C,0.05,3
2025-11,0.20004930992724415,3.1739007093112725,3.8771899402113608,-0.10856216691394216,36.2,14,22.146298692623635,-10.856216691394216,2C_miss0.05_seed3,2C,0.05,3
2025-12,0.17792263879699943,3.8768022406026432,4.6322063488840115,-0.10572189727159664,32.2,12,19.47328916858513,-10.572189727159664,2C_miss0.05_seed3,2C,0.05,3
2026-01,0.10944515013232718,4.631743151409383,5.16796212635027,-0.20384661191397013,68.3,13,11.565887551519282,-20.384661191397015,2C_miss0.05_seed3,2C,0.05,3
2026-02,0.2639236030961717,5.123410173970503,6.728835120329375,-0.24388220354986723,60.1,11,30.202872153813942,-24.38822035498672,2C_miss0.05_seed3,2C,0.05,3
2026-03,0.21138638009595384,6.7281622704603965,8.312732879371062,-0.2921608610246459,36.0,12,23.538959280728335,-29.21608610246459,2C_miss0.05_seed3,2C,0.05,3
2026-04,0.18975958475467902,8.311901647645403,10.049752485643854,-0.11201621360298197,36.0,12,20.895891056278117,-11.201621360298198,2C_miss0.05_seed3,2C,0.05,3
2026-05,0.13330054833545787,10.048747560642374,11.482780371915982,-0.0950269055650087,32.2,12,14.259335126106066,-9.50269055650087,2C_miss0.05_seed3,2C,0.05,3
2026-06,0.37550061713737376,11.481632151290777,16.71571293516717,-0.2113058144879908,54.7,12,45.57199906086882,-21.13058144879908,2C_miss0.05_seed3,2C,0.05,3
2025-01,0.06539707697736687,0.9999000049998333,1.0675828528046503,-0.1755076110748066,50.2,12,6.758285280465026,-17.55076110748066,2C_miss0.10_seed1,2C,0.1,1
2025-02,0.1025146992509897,1.067476099857106,1.1828322521219237,-0.06810101768112953,20.3,13,10.795358787798182,-6.810101768112952,2C_miss0.10_seed1,2C,0.1,1
2025-03,0.3469266396686062,1.18239183472781,1.6733680902690986,-0.28832514363126105,64.9,9,41.47129377535877,-28.832514363126105,2C_miss0.10_seed1,2C,0.1,1
2025-04,0.026403518404311543,1.6732007618266334,1.7181393539014371,-0.31502828101082647,80.0,16,2.6755179504551307,-31.50282810108265,2C_miss0.10_seed1,2C,0.1,1
2025-05,0.1684336157148588,1.7179675485564574,2.033331437261005,-0.19768046267144967,48.0,12,18.34496617773469,-19.768046267144967,2C_miss0.10_seed1,2C,0.1,1
2025-06,0.11881987184164253,2.0331281142835973,2.289870857469404,-0.18267578206542012,48.0,12,12.616704562143077,-18.267578206542012,2C_miss0.10_seed1,2C,0.1,1
2025-07,0.05606228089371504,2.2896418818326296,2.421912949121488,-0.07525493122970306,32.4,14,5.766355391675093,-7.525493122970306,2C_miss0.10_seed1,2C,0.1,1
2025-08,0.08838753173681377,2.4216707699357367,2.6457252768956643,-0.09722674102696938,32.2,12,9.241138409015083,-9.722674102696939,2C_miss0.10_seed1,2C,0.1,1
2025-09,0.05976242129193255,2.64546071759616,2.8086604339375723,-0.10192151979435915,32.2,12,6.1584306755040785,-10.192151979435915,2C_miss0.10_seed1,2C,0.1,1
2025-10,0.11455863610631321,2.8083795819370123,3.149571122203247,-0.16468621952538975,51.9,16,12.137839239887672,-16.468621952538975,2C_miss0.10_seed1,2C,0.1,1
2025-11,0.20004930992724415,3.1492561808383575,3.8470845504629922,-0.10706741722250268,36.2,14,22.146298692623635,-10.706741722250268,2C_miss0.10_seed1,2C,0.1,1
2025-12,0.17030175358101537,3.846699861242728,4.5613441753963615,-0.11251118499351631,32.2,12,18.56625752733738,-11.25111849935163,2C_miss0.10_seed1,2C,0.1,1
2026-01,0.10808139806031242,4.560888063784782,5.08196884010296,-0.21374700819682413,68.1,11,11.413843040277971,-21.374700819682413,2C_miss0.10_seed1,2C,0.1,1
2026-02,0.2469777398657409,5.038158218387042,6.505685541844382,-0.24495471560282034,60.1,11,28.01506161365146,-24.495471560282034,2C_miss0.10_seed1,2C,0.1,1
2026-03,0.21159142425227107,6.505685541844382,8.038704332844674,-0.29301994515441177,36.0,12,23.56429281956465,-29.301994515441177,2C_miss0.10_seed1,2C,0.1,1
2026-04,0.18870859226203696,8.037900502603568,9.708254566230293,-0.11309393414198488,36.0,12,20.76889712890846,-11.309393414198487,2C_miss0.10_seed1,2C,0.1,1
2026-05,0.14400960703467716,9.707283789313323,11.212016633768986,-0.09141184803108238,32.2,12,15.489520358988763,-9.141184803108239,2C_miss0.10_seed1,2C,0.1,1
2026-06,0.35199364113226966,11.210895488163821,15.94236064394564,-0.20811672208996268,54.7,12,42.1899482019098,-20.811672208996267,2C_miss0.10_seed1,2C,0.1,1
2025-01,0.043484111904502035,0.9999000049998333,1.0444433999637195,-0.18026864351506577,50.2,12,4.444339996371949,-18.02686435150658,2C_miss0.10_seed2,2C,0.1,2
2025-02,0.1025146992509897,1.0443389608457658,1.157194812325281,-0.08658299572446326,20.3,13,10.795358787798182,-8.658299572446326,2C_miss0.10_seed2,2C,0.1,2
2025-03,0.34854514671692954,1.1567639408109036,1.639750273314723,-0.28832514363126105,65.9,11,41.7004514581075,-28.832514363126105,2C_miss0.10_seed2,2C,0.1,2
2025-04,0.0597437637330313,1.6395863064858696,1.7407006796197646,-0.29866447363703963,80.0,16,6.156450036807892,-29.866447363703962,2C_miss0.10_seed2,2C,0.1,2
2025-05,0.15572403987271105,1.7405266182550159,2.0340151815312084,-0.1832302899512691,48.0,12,16.850369816338272,-18.32302899512691,2C_miss0.10_seed2,2C,0.1,2
2025-06,0.1099676830185182,2.033811790182792,2.2704531667451344,-0.189878961383118,48.0,12,11.624199630404686,-18.9878961383118,2C_miss0.10_seed2,2C,0.1,2
2025-07,0.06175834900029551,2.2702261327803477,2.4150929947281807,-0.07776330786023644,32.4,14,6.370526822643008,-7.776330786023644,2C_miss0.10_seed2,2C,0.1,2
2025-08,0.06961856147445404,2.4148514975037703,2.5892191790061396,-0.11703625437912601,32.2,12,7.209916332747945,-11.703625437912601,2C_miss0.10_seed2,2C,0.1,2
2025-09,0.06096690130992875,2.5889602700339034,2.7519871652805743,-0.10304057197571681,32.0,10,6.286373420766633,-10.30405719757168,2C_miss0.10_seed2,2C,0.1,2
2025-10,0.10766692851280012,2.7517119803235235,3.0648241212657616,-0.16367949459973374,51.9,16,11.367674963458319,-16.367949459973374,2C_miss0.10_seed2,2C,0.1,2
2025-11,0.1999853625446237,3.0648241212657616,3.7433298417652825,-0.10943085137802333,36.2,14,22.138488006264613,-10.943085137802333,2C_miss0.10_seed2,2C,0.1,2
2025-12,0.17030175358101537,3.7429555274971316,4.438326100285096,-0.11251118499351631,32.2,12,18.56625752733738,-11.25111849935163,2C_miss0.10_seed2,2C,0.1,2
2026-01,0.12306737575247266,4.437882289865958,5.019572027946612,-0.20989094466236902,68.3,13,13.096061770318833,-20.989094466236903,2C_miss0.10_seed2,2C,0.1,2
2026-02,0.2121468577173961,5.015767776229097,6.20584465560803,-0.2448448540023982,60.1,11,23.632943626604042,-24.48448540023982,2C_miss0.10_seed2,2C,0.1,2
2026-03,0.21519256122296213,6.205224102170658,7.695872110852657,-0.2930620455631566,36.0,12,24.010066927765216,-29.306204556315663,2C_miss0.10_seed2,2C,0.1,2
2026-04,0.18975958475467902,7.695102562119648,9.303993162966922,-0.10976479288804175,36.0,12,20.895891056278117,-10.976479288804175,2C_miss0.10_seed2,2C,0.1,2
2026-05,0.13478868441482109,9.303062810169038,10.646512404646977,-0.09511809544962602,32.2,12,14.429495144340155,-9.511809544962603,2C_miss0.10_seed2,2C,0.1,2
2026-06,0.3605843018703372,10.645447806637296,15.2688784203248,-0.22315032565202186,54.7,12,43.41671563412874,-22.315032565202188,2C_miss0.10_seed2,2C,0.1,2
2025-01,0.06475074647824985,1.0,1.0668930643862073,-0.17632535000151917,50.2,12,6.689306438620735,-17.63253500015192,2C_miss0.10_seed3,2C,0.1,3
2025-02,0.10255935438652852,1.0667863804140563,1.182120785154113,-0.06766700206675302,20.3,13,10.800306480031029,-6.766700206675303,2C_miss0.10_seed3,2C,0.1,3
2025-03,0.349435838202442,1.1816806326685925,1.6765631250062527,-0.28765916954931936,65.9,11,41.8267190681094,-28.765916954931935,2C_miss0.10_seed3,2C,0.1,3
2025-04,0.06632843698207498,1.676395477076288,1.79153783380962,-0.29403117070591434,80.0,16,6.857761994672207,-29.403117070591435,2C_miss0.10_seed3,2C,0.1,3
2025-05,0.16267498321787036,1.7913586889836297,2.1080205079633663,-0.17783438264389473,48.0,12,17.665419517307136,-17.783438264389474,2C_miss0.10_seed3,2C,0.1,3
2025-06,0.08951214105907276,2.107809716452321,2.305416836723811,-0.1818380999138246,48.0,12,9.364061118701162,-18.18380999138246,2C_miss0.10_seed3,2C,0.1,3
2025-07,0.03693455632316932,2.3051863065668385,2.392158404826737,-0.07525493122970284,32.4,14,3.7625112613558054,-7.525493122970284,2C_miss0.10_seed3,2C,0.1,3
2025-08,0.07644537180282199,2.3919192009466475,2.5821991729053315,-0.11463469559925898,32.0,10,7.944322068937515,-11.463469559925898,2C_miss0.10_seed3,2C,0.1,3
2025-09,0.05976242129193255,2.5819409658986063,2.7412221188721464,-0.09907741332517783,32.2,12,6.1584306755040785,-9.907741332517784,2C_miss0.10_seed3,2C,0.1,3
2025-10,0.110937994701911,2.740948010365913,3.062837716131035,-0.16468621952538987,51.9,16,11.732562459813135,-16.468621952538985,2C_miss0.10_seed3,2C,0.1,3
2025-11,0.2007646907445535,3.0625314476731,3.743820204615082,-0.11029456021388451,36.2,14,22.23371107445633,-11.029456021388452,2C_miss0.10_seed3,2C,0.1,3
2025-12,0.17712696389679003,3.7434458413130978,4.469307607995316,-0.11251118499351631,32.2,12,19.37826508030249,-11.25111849935163,2C_miss0.10_seed3,2C,0.1,3
2026-01,0.09700419896033824,4.4688606995803095,4.924573628818878,-0.2098909446623689,68.3,13,10.186500029873136,-20.989094466236892,2C_miss0.10_seed3,2C,0.1,3
2026-02,0.2631938285798733,4.88211987926775,6.407258745325107,-0.24137990016207556,60.1,11,30.107888078461542,-24.137990016207556,2C_miss0.10_seed3,2C,0.1,3
2026-03,0.21238560070368967,6.4066180514858,7.923374016801627,-0.2898183314825755,36.0,12,23.662463648478592,-28.98183314825755,2C_miss0.10_seed3,2C,0.1,3
2026-04,0.18975958475467902,7.922581719015494,9.579033619333945,-0.10818683863516498,36.0,12,20.895891056278117,-10.818683863516497,2C_miss0.10_seed3,2C,0.1,3
2026-05,0.13500264041346385,9.57807576386558,10.963585284225587,-0.09348524637941591,32.0,10,14.453980640563957,-9.34852463794159,2C_miss0.10_seed3,2C,0.1,3
2026-06,0.37910887719669967,10.962488980513262,16.017601794180816,-0.20996224124454832,54.7,12,46.09820947192284,-20.996224124454834,2C_miss0.10_seed3,2C,0.1,3
2025-01,0.05168752649842343,0.9999000049998333,1.0530466419269098,-0.16125220693771303,50.0,10,5.304664192690978,-16.125220693771304,4_miss0.02_seed1,4,0.02,1
2025-02,0.10319923955717543,1.052941342527775,1.1675257500740075,-0.08543925391330887,20.1,11,10.871228641650532,-8.543925391330887,4_miss0.02_seed1,4,0.02,1
2025-03,0.21898834968860303,1.1670910319240029,1.45335563788581,-0.18082376084176088,50.1,11,24.481677410000113,-18.08237608417609,4_miss0.02_seed1,4,0.02,1
2025-04,0.08003791272193367,1.4532103095885573,1.5744610582269531,-0.2822634061096916,80.8,24,8.33281388148841,-28.22634061096916,4_miss0.02_seed1,4,0.02,1
2025-05,0.17981337989527618,1.5743036199931733,1.8846203755966517,-0.14752933235157384,44.2,12,19.699395913861295,-14.752933235157384,4_miss0.02_seed1,4,0.02,1
2025-06,0.06979363448513003,1.8844319229818798,2.0208536938390664,-0.14224353610351792,48.0,12,7.22868753869248,-14.224353610351791,4_miss0.02_seed1,4,0.02,1
2025-07,0.044580327260670585,2.020651618573614,2.112982317377057,-0.08465845888048906,32.2,12,4.558896263438661,-8.465845888048907,4_miss0.02_seed1,4,0.02,1
2025-08,0.08174340843080528,2.112771029709879,2.2929605026407196,-0.10655659507889037,32.0,10,8.517732674974642,-10.655659507889037,4_miss0.02_seed1,4,0.02,1
2025-09,0.07354522907264392,2.292731218054876,2.4679528655187397,-0.10265955397176008,32.0,10,7.631721640058253,-10.265955397176008,4_miss0.02_seed1,4,0.02,1
2025-10,0.10320828948587986,2.467706082571541,2.7362744272738837,-0.1403638006113812,48.7,22,10.87223202290537,-14.036380061138122,4_miss0.02_seed1,4,0.02,1
2025-11,0.22250484920694272,2.736000813512072,3.418159151288416,-0.10554396128076371,32.2,12,24.920187727438183,-10.554396128076371,4_miss0.02_seed1,4,0.02,1
2025-12,0.14215381777025782,3.418159151288416,3.940296459762559,-0.10881615738731587,32.0,10,15.275394894276118,-10.881615738731586,4_miss0.02_seed1,4,0.02,1
2026-01,0.09995078029510927,3.9399024498174087,4.354486724099867,-0.2301609580269397,68.1,11,10.511652322786635,-23.016095802693968,4_miss0.02_seed1,4,0.02,1
2026-02,0.26736565311990385,4.316947578025003,5.689215683864931,-0.23820845946562552,60.1,11,30.65180914154617,-23.820845946562553,4_miss0.02_seed1,4,0.02,1
2026-03,0.1835607718632437,5.688646790741674,6.835524258973417,-0.28684938952349714,32.0,10,20.148797985625876,-28.684938952349714,4_miss0.02_seed1,4,0.02,1
2026-04,0.1695055896845083,6.834840740724003,8.098175254168478,-0.12990391682080793,32.8,18,18.471896921988183,-12.990391682080793,4_miss0.02_seed1,4,0.02,1
2026-05,0.1477477442595886,8.097365477132586,9.387570277020416,-0.08860751618335372,32.0,10,15.922043946730158,-8.860751618335371,4_miss0.02_seed1,4,0.02,1
2026-06,0.42335073735817047,9.386631566929,14.33547508867944,-0.2236630733029341,54.5,10,52.70698024781606,-22.36630733029341,4_miss0.02_seed1,4,0.02,1
2025-01,0.05168752649842343,0.9999000049998333,1.0530466419269098,-0.16125220693771303,50.0,10,5.304664192690978,-16.125220693771304,4_miss0.02_seed2,4,0.02,2
2025-02,0.10319923955717543,1.052941342527775,1.1675257500740075,-0.08543925391330887,20.1,11,10.871228641650532,-8.543925391330887,4_miss0.02_seed2,4,0.02,2
2025-03,0.21898834968860303,1.1670910319240029,1.45335563788581,-0.18082376084176088,50.1,11,24.481677410000113,-18.08237608417609,4_miss0.02_seed2,4,0.02,2
2025-04,0.04955854072920046,1.4532103095885573,1.5271964310049695,-0.30380954240600866,80.8,24,5.0807105428493315,-30.380954240600865,4_miss0.02_seed2,4,0.02,2
2025-05,0.1688831150968511,1.5270437189975967,1.8081726896039132,-0.17310765866039202,44.2,12,18.398174124467182,-17.3107658660392,4_miss0.02_seed2,4,0.02,2
2025-06,0.06979363448513003,1.807991881375515,1.9388798434953518,-0.14224353610351792,48.0,12,7.22868753869248,-14.224353610351791,4_miss0.02_seed2,4,0.02,2
2025-07,0.044580327260670585,1.9386859652050785,2.0272713642330267,-0.08465845888048906,32.2,12,4.558896263438661,-8.465845888048907,4_miss0.02_seed2,4,0.02,2
2025-08,0.08199138820933725,2.027068647232622,2.200494530127969,-0.10655659507889026,32.0,10,8.544646215159135,-10.655659507889027,4_miss0.02_seed2,4,0.02,2
2025-09,0.07354522907264392,2.200274491677062,2.3684301473720435,-0.10265955397176008,32.0,10,7.631721640058253,-10.265955397176008,4_miss0.02_seed2,4,0.02,2
2025-10,0.10197765710980429,2.3681933161990623,2.6227017997489903,-0.1403638006113811,48.7,22,10.735872985702354,-14.036380061138109,4_miss0.02_seed2,4,0.02,2
2025-11,0.22250484920694272,2.6224395426820872,3.276284011777335,-0.1066440308115647,32.2,12,24.920187727438183,-10.66440308115647,4_miss0.02_seed2,4,0.02,2
2025-12,0.12905956464800444,3.276284011777335,3.72761799180217,-0.10881615738731598,32.0,10,13.775789229578805,-10.881615738731599,4_miss0.02_seed2,4,0.02,2
2026-01,0.09995078029510927,3.727245248640459,4.119452235022052,-0.2301609580269398,68.1,11,10.511652322786635,-23.016095802693982,4_miss0.02_seed2,4,0.02,2
2026-02,0.2659035832305264,4.0839392735648365,5.374275558350948,-0.23932143811447526,60.1,11,30.460926641189022,-23.932143811447524,4_miss0.02_seed2,4,0.02,2
2026-03,0.1835607718632437,5.373738157665595,6.457127483793945,-0.2878913036963925,32.0,10,20.148797985625876,-28.78913036963925,4_miss0.02_seed2,4,0.02,2
2026-04,0.1695055896845083,6.456481803330127,7.649881416721726,-0.13117512857822244,32.8,18,18.471896921988183,-13.117512857822245,4_miss0.02_seed2,4,0.02,2
2026-05,0.14742049127424972,7.649116466828185,8.86499732617681,-0.08860751618335361,32.0,10,15.884114318412546,-8.86075161833536,4_miss0.02_seed2,4,0.02,2
2026-06,0.42335073735817047,8.8641108707677,13.537469715854263,-0.2236630733029341,54.5,10,52.70698024781606,-22.36630733029341,4_miss0.02_seed2,4,0.02,2
2025-01,0.05168752649842343,0.9999000049998333,1.0530466419269098,-0.16125220693771303,50.0,10,5.304664192690978,-16.125220693771304,4_miss0.02_seed3,4,0.02,3
2025-02,0.1021180242176238,1.052941342527775,1.1662640855121547,-0.08543925391330887,20.1,11,10.75141775088657,-8.543925391330887,4_miss0.02_seed3,4,0.02,3
2025-03,0.21898834968860303,1.1658298371320752,1.451785096675928,-0.1817089881104461,50.1,11,24.481677410000113,-18.170898811044612,4_miss0.02_seed3,4,0.02,3
2025-04,0.07319719184405143,1.4516399254249441,1.5620375522297378,-0.28715648663214466,80.8,24,7.594268311904329,-28.715648663214466,4_miss0.02_seed3,4,0.02,3
2025-05,0.1794011113139396,1.5618813562844422,1.8689788338615974,-0.15334094576983925,44.2,12,19.650057784700103,-15.334094576983926,4_miss0.02_seed3,4,0.02,3
2025-06,0.06689496724199633,1.868791945322794,1.9982807198941848,-0.1447262865958432,48.0,12,6.918317301936994,-14.47262865958432,4_miss0.02_seed3,4,0.02,3
2025-07,0.044580327260670585,1.998080901813266,2.0893802649664557,-0.08465845888048895,32.2,12,4.558896263438661,-8.465845888048895,4_miss0.02_seed3,4,0.02,3
2025-08,0.08174340843080528,2.089171337386512,2.2673480904999757,-0.10655659507889026,32.0,10,8.517732674974642,-10.655659507889027,4_miss0.02_seed3,4,0.02,3
2025-09,0.07283037114469554,2.267121367027288,2.4386418796488623,-0.10265955397176008,32.0,10,7.55480774507431,-10.265955397176008,4_miss0.02_seed3,4,0.02,3
2025-10,0.10163840054283435,2.4383980276537005,2.699535383948231,-0.14097809876955136,48.7,22,10.698311485445867,-14.097809876955136,4_miss0.02_seed3,4,0.02,3
2025-11,0.22250484920694272,2.6992654439070636,3.3722646693967464,-0.10694705628615597,32.2,12,24.920187727438183,-10.694705628615598,4_miss0.02_seed3,4,0.02,3
2025-12,0.14200939486775985,3.3722646693967464,3.886830026715627,-0.10894485545082766,32.0,10,15.25874768930664,-10.894485545082766,4_miss0.02_seed3,4,0.02,3
2026-01,0.09995078029510927,3.886441363146458,4.295400085501645,-0.2302721323875826,68.1,11,10.511652322786635,-23.02721323875826,4_miss0.02_seed3,4,0.02,3
2026-02,0.26855241741345687,4.2583703133433755,5.6186820176330095,-0.23730385579669255,60.1,11,30.806954085554427,-23.730385579669257,4_miss0.02_seed3,4,0.02,3
2026-03,0.1835607718632437,5.6181201775237195,6.750778906820571,-0.28600254544029,32.0,10,20.148797985625876,-28.600254544029003,4_miss0.02_seed3,4,0.02,3
2026-04,0.17375142631219387,6.750103862682659,8.031805268070611,-0.12887070488908192,32.8,18,18.97597860827256,-12.887070488908192,4_miss0.02_seed3,4,0.02,3
2026-05,0.14742824923116127,8.031002127701491,9.307658606817562,-0.08860751618335372,32.0,10,15.885013345865474,-8.860751618335371,4_miss0.02_seed3,4,0.02,3
2026-06,0.42335073735817047,9.30672788749362,14.213444390247066,-0.2236630733029341,54.5,10,52.70698024781606,-22.36630733029341,4_miss0.02_seed3,4,0.02,3
2025-01,0.05136083620217544,0.9999000049998333,1.0527026779953943,-0.16125220693771303,50.0,10,5.27026779953943,-16.125220693771304,4_miss0.05_seed1,4,0.05,1
2025-02,0.10319923955717543,1.0525974129909328,1.167144393037052,-0.08573798323574222,20.1,11,10.871228641650532,-8.573798323574222,4_miss0.05_seed1,4,0.05,1
2025-03,0.21792064938472422,1.166709816882053,1.4513305046871752,-0.18169792880349644,50.1,11,24.34883921351294,-18.169792880349643,4_miss0.05_seed1,4,0.05,1
2025-04,0.07359935690967807,1.451185378893117,1.5621765638322098,-0.2871808281304381,80.8,24,7.637547670020672,-28.71808281304381,4_miss0.05_seed1,4,0.05,1
2025-05,0.174574248782484,1.562020353986449,1.8601447938222255,-0.15300038059861454,44.2,12,19.073915003503995,-15.300038059861453,4_miss0.05_seed1,4,0.05,1
2025-06,0.06979363448513003,1.8599587886432574,1.9946088487348896,-0.14224353610351792,48.0,12,7.22868753869248,-14.224353610351791,4_miss0.05_seed1,4,0.05,1
2025-07,0.044580327260670585,1.994409397822728,2.085540997010081,-0.08465845888048917,32.2,12,4.558896263438661,-8.465845888048918,4_miss0.05_seed1,4,0.05,1
2025-08,0.08174340843080528,2.0853324533377373,2.263181803962401,-0.10655659507889026,32.0,10,8.517732674974642,-10.655659507889027,4_miss0.05_seed1,4,0.05,1
2025-09,0.07354522907264392,2.2629554970975367,2.4359015394492602,-0.10265955397176008,32.0,10,7.631721640058253,-10.265955397176008,4_miss0.05_seed1,4,0.05,1
2025-10,0.0916690304560742,2.4356579614744174,2.669753004730682,-0.1403638006113811,48.7,22,9.600201875741377,-14.036380061138109,4_miss0.05_seed1,4,0.05,1
2025-11,0.22250484920694272,2.669486042778529,3.3350604653684868,-0.11336559099886134,32.2,12,24.920187727438183,-11.336559099886134,4_miss0.05_seed1,4,0.05,1
2025-12,0.13631755056798928,3.3350604653684868,3.822131916689438,-0.10232442766182392,32.0,10,14.60457633013661,-10.232442766182393,4_miss0.05_seed1,4,0.05,1
2026-01,0.09987432172724509,3.8217497226077914,4.223578194004464,-0.22461243831398592,68.1,11,10.50320308313022,-22.46124383139859,4_miss0.05_seed1,4,0.05,1
2026-02,0.26677671339412484,4.1871675837927365,5.514932401583463,-0.23988439693365726,60.1,11,30.57488575474039,-23.988439693365727,4_miss0.05_seed1,4,0.05,1
2026-03,0.18391776416481387,5.514932401583463,6.628490888111631,-0.2882723965703936,32.0,10,20.191697838552656,-28.82723965703936,4_miss0.05_seed1,4,0.05,1
2026-04,0.16942467641097453,6.62782807216417,7.8522635143964745,-0.13150813415033946,32.8,18,18.462311360791283,-13.150813415033946,4_miss0.05_seed1,4,0.05,1
2026-05,0.14742824923116127,7.851478327305042,9.099596621610887,-0.0886075161833535,32.0,10,15.885013345865474,-8.86075161833535,4_miss0.05_seed1,4,0.05,1
2026-06,0.42155114175451686,9.09868670744519,13.870735027844223,-0.223663073302934,54.5,10,52.43241656341344,-22.3663073302934,4_miss0.05_seed1,4,0.05,1
2025-01,0.05168752649842343,0.9999000049998333,1.0530466419269098,-0.16125220693771303,50.0,10,5.304664192690978,-16.125220693771304,4_miss0.05_seed2,4,0.05,2
2025-02,0.10319923955717543,1.052941342527775,1.1675257500740075,-0.08543925391330887,20.1,11,10.871228641650532,-8.543925391330887,4_miss0.05_seed2,4,0.05,2
2025-03,0.21898834968860303,1.1670910319240029,1.45335563788581,-0.18082376084176088,50.1,11,24.481677410000113,-18.08237608417609,4_miss0.05_seed2,4,0.05,2
2025-04,0.06797291965409274,1.4532103095885573,1.555579329478289,-0.29085233493623464,80.8,24,7.033632300844372,-29.085233493623463,4_miss0.05_seed2,4,0.05,2
2025-05,0.17503744546750843,1.5554237793229786,1.8531473815522748,-0.15996491055606843,44.2,12,19.129082421902787,-15.996491055606842,4_miss0.05_seed2,4,0.05,2
2025-06,0.06979363448513003,1.8529620760795475,1.98710561539615,-0.14224353610351792,48.0,12,7.22868753869248,-14.224353610351791,4_miss0.05_seed2,4,0.05,2
2025-07,0.05137106002015797,1.9869069147698073,2.0918527894000514,-0.07842146618350676,32.2,12,5.271344069098172,-7.842146618350676,4_miss0.05_seed2,4,0.05,2
2025-08,0.062272317201495245,2.0916436145800263,2.2262587646540886,-0.11781425132322787,32.0,10,6.42521194297736,-11.781425132322788,4_miss0.05_seed2,4,0.05,2
2025-09,0.07354522907264392,2.2260361499085457,2.396160636559888,-0.10265955397176008,32.0,10,7.631721640058253,-10.265955397176008,4_miss0.05_seed2,4,0.05,2
2025-10,0.10317433917303741,2.395921032476636,2.6565865871314407,-0.1403638006113812,48.7,22,10.868467939838911,-14.036380061138122,4_miss0.05_seed2,4,0.05,2
2025-11,0.22322023002425206,2.656320941755218,3.3209878732176508,-0.10557432782762333,32.2,12,25.009585206241212,-10.557432782762334,4_miss0.05_seed2,4,0.05,2
2025-12,0.14215381777025782,3.3209878732176508,3.828281885242669,-0.10881615738731587,32.0,10,15.275394894276118,-10.881615738731586,4_miss0.05_seed2,4,0.05,2
2026-01,0.09999797285187251,3.828281885242669,4.23089722910192,-0.23012462649697063,68.1,11,10.516867773276118,-23.012462649697063,4_miss0.05_seed2,4,0.05,2
2026-02,0.2634673625306277,4.194423522974404,5.506236968334594,-0.24117236342616766,60.1,11,30.143481870945376,-24.117236342616767,4_miss0.05_seed2,4,0.05,2
2026-03,0.1835607718632437,5.505686372168029,6.615677531694181,-0.28962404611442183,32.0,10,20.148797985625876,-28.96240461144218,4_miss0.05_seed2,4,0.05,2
2026-04,0.1695055896845083,6.615015997018297,7.837718666039856,-0.13328920149485157,32.8,18,18.471896921988183,-13.328920149485157,4_miss0.05_seed2,4,0.05,2
2026-05,0.14742049127424972,7.836934933360538,9.082670858909193,-0.08860751618335372,32.0,10,15.884114318412546,-8.860751618335371,4_miss0.05_seed2,4,0.05,2
2026-06,0.42335073735817047,9.08176263723514,13.869872394488628,-0.223663073302934,54.5,10,52.70698024781606,-22.3663073302934,4_miss0.05_seed2,4,0.05,2
2025-01,0.05168752649842343,0.9999000049998333,1.0530466419269098,-0.16125220693771303,50.0,10,5.304664192690978,-16.125220693771304,4_miss0.05_seed3,4,0.05,3
2025-02,0.10259256106292854,1.052941342527775,1.166817652125575,-0.08543925391330887,20.1,11,10.80398585104283,-8.543925391330887,4_miss0.05_seed3,4,0.05,3
2025-03,0.21898834968860303,1.1663831976297383,1.4524741856818957,-0.18132058672702778,50.1,11,24.481677410000113,-18.132058672702776,4_miss0.05_seed3,4,0.05,3
2025-04,0.07319719184405143,1.4523289455254562,1.5627789725037262,-0.28715648663214466,80.8,24,7.594268311904329,-28.715648663214466,4_miss0.05_seed3,4,0.05,3
2025-05,0.1794011113139396,1.5626227024201103,1.869865943647852,-0.15334094576983948,44.2,12,19.650057784700103,-15.334094576983947,4_miss0.05_seed3,4,0.05,3
2025-06,0.06886489645459375,1.8696789664025053,2.003171424433417,-0.14303979733619754,48.0,12,7.129146409581866,-14.303979733619753,4_miss0.05_seed3,4,0.05,3
2025-07,0.044580327260670585,2.002971117306497,2.094493931652183,-0.08465845888048906,32.2,12,4.558896263438661,-8.465845888048907,4_miss0.05_seed3,4,0.05,3
2025-08,0.08174340843080528,2.094284492731138,2.2728973256438825,-0.10655659507889026,32.0,10,8.517732674974642,-10.655659507889027,4_miss0.05_seed3,4,0.05,3
2025-09,0.07357016337269313,2.2726700472754255,2.4464195216992652,-0.10265955397175996,32.0,10,7.634405395159072,-10.265955397175997,4_miss0.05_seed3,4,0.05,3
2025-10,0.10163840054283435,2.446174891978785,2.70814510237141,-0.14034236591722404,48.7,22,10.698311485445867,-14.034236591722404,4_miss0.05_seed3,4,0.05,3
2025-11,0.2148181981617545,2.7078743014014472,3.357115538626539,-0.10694705628615575,32.2,12,23.963650828268214,-10.694705628615575,4_miss0.05_seed3,4,0.05,3
2025-12,0.14941180369024265,3.357115538626539,3.898118256340375,-0.10232442766182404,32.0,10,16.1151057057503,-10.232442766182404,4_miss0.05_seed3,4,0.05,3
2026-01,0.09995078029510927,3.8977284640046825,4.307874894577944,-0.22455315102499818,68.1,11,10.511652322786635,-22.455315102499817,4_miss0.05_seed3,4,0.05,3
2026-02,0.2651632347233189,4.2707375796230505,5.615934218023304,-0.23988439693365737,60.1,11,30.36437583393441,-23.988439693365738,4_miss0.05_seed3,4,0.05,3
2026-03,0.20012463476241804,5.615372652680236,6.8601725062300565,-0.2765336192304969,32.0,10,22.155499688967172,-27.65336192304969,4_miss0.05_seed3,4,0.05,3
2026-04,0.16859463558051496,6.859486523279153,8.11997620445051,-0.1173179199849943,32.8,18,18.36402360256053,-11.73179199849943,4_miss0.05_seed3,4,0.05,3
2026-05,0.14460633665484598,8.119164247428591,9.383319205986467,-0.08873595168664761,32.0,10,15.558456942811194,-8.87359516866476,4_miss0.05_seed3,4,0.05,3
2026-06,0.42335073735817047,9.382380920980898,14.328983406475304,-0.22377247646971088,54.5,10,52.70698024781606,-22.37724764697109,4_miss0.05_seed3,4,0.05,3
2025-01,0.05136083620217544,0.9999000049998333,1.0527026779953943,-0.16125220693771303,50.0,10,5.27026779953943,-16.125220693771304,4_miss0.10_seed1,4,0.1,1
2025-02,0.10319923955717543,1.0525974129909328,1.167144393037052,-0.08573798323574222,20.1,11,10.871228641650532,-8.573798323574222,4_miss0.10_seed1,4,0.1,1
2025-03,-0.012954545228167965,1.166709816882053,1.15212208190091,-0.2075388847827202,50.1,11,-1.2870996275835433,-20.75388847827202,4_miss0.10_seed1,4,0.1,1
2025-04,0.1117138175229284,1.1520068754531383,1.288294625531217,-0.29539997542446306,80.8,24,11.81928076629113,-29.539997542446304,4_miss0.10_seed1,4,0.1,1
2025-05,0.1790363483167072,1.288294625531217,1.5408831042245175,-0.12008023221753816,44.2,12,19.606421829878194,-12.008023221753817,4_miss0.10_seed1,4,0.1,1
2025-06,0.07003075666236716,1.5407290236182538,1.6526605651785218,-0.1420401189068483,48.0,12,7.2541168533519995,-14.204011890684832,4_miss0.10_seed1,4,0.1,1
2025-07,0.04482734613289923,1.6524953073850313,1.7284305481678781,-0.08456692014951694,32.2,12,4.584727474342065,-8.456692014951695,4_miss0.10_seed1,4,0.1,1
2025-08,0.08174340843080528,1.728257713754926,1.8756536417334173,-0.10633587043615278,32.0,10,8.517732674974642,-10.633587043615279,4_miss0.10_seed1,4,0.1,1
2025-09,0.07354522907264392,1.8754660857471994,2.018798306602127,-0.10265955397176008,32.0,10,7.631721640058253,-10.265955397176008,4_miss0.10_seed1,4,0.1,1
2025-10,0.09277138386206661,2.018596436865122,2.215047439239424,-0.14910634908237075,48.7,22,9.721086648205457,-14.910634908237075,4_miss0.10_seed1,4,0.1,1
2025-11,0.2259505865470474,2.214825945570368,2.7765923628613685,-0.10573605286946608,32.2,12,25.35137233064242,-10.573605286946608,4_miss0.10_seed1,4,0.1,1
2025-12,0.14142590050010428,2.7765923628613685,3.198398793610935,-0.10881615738731587,32.0,10,15.19151447621503,-10.881615738731586,4_miss0.10_seed1,4,0.1,1
2026-01,0.09508967751300378,3.1980789697230345,3.517462978807535,-0.23230604234726393,68.1,11,9.975747421927462,-23.230604234726393,4_miss0.10_seed1,4,0.1,1
2026-02,0.2674548560441904,3.4871396445225566,4.59603897952811,-0.24567326074689455,60.1,11,30.663464184809165,-24.567326074689454,4_miss0.10_seed1,4,0.1,1
2026-03,0.1822110322970707,4.595579398609587,5.514637239243647,-0.29383755794958444,32.0,10,19.986737793286792,-29.383755794958443,4_miss0.10_seed1,4,0.1,1
2026-04,0.130973404496337,5.51408580309199,6.286341587717081,-0.17129038171215982,32.8,18,13.993746369784454,-17.12903817121598,4_miss0.10_seed1,4,0.1,1
2026-05,0.14903440277294744,6.285712984988971,7.296637902064082,-0.0871354217783834,32.0,10,16.071292026526507,-8.71354217783834,4_miss0.10_seed1,4,0.1,1
2026-06,0.42335073735817047,7.295908274755848,11.142475399859675,-0.22240912259952617,54.5,10,52.70698024781606,-22.240912259952616,4_miss0.10_seed1,4,0.1,1
2025-01,0.03545754145074511,0.9999000049998333,1.036093656160621,-0.17475519800302064,50.0,10,3.60936561606211,-17.475519800302063,4_miss0.10_seed2,4,0.1,2
2025-02,0.10319923955717543,1.0359900519753005,1.1487297664634788,-0.08543925391330887,20.1,11,10.871228641650532,-8.543925391330887,4_miss0.10_seed2,4,0.1,2
2025-03,0.21898834968860303,1.1483020468359668,1.4299580822017153,-0.18082376084176077,50.1,11,24.481677410000113,-18.082376084176076,4_miss0.10_seed2,4,0.1,2
2025-04,0.053436097233967125,1.4298150935430471,1.5084478796813605,-0.3039099591869543,80.8,24,5.488957925171767,-30.39099591869543,4_miss0.10_seed2,4,0.1,2
2025-05,0.17081329925404082,1.5082970424353803,1.7894253363891177,-0.17553252715083079,44.2,12,18.626925099136283,-17.55325271508308,4_miss0.10_seed2,4,0.1,2
2025-06,0.0638654672353566,1.7892464028023072,1.9074361193589908,-0.1408997078754226,48.0,12,6.594898405093952,-14.08997078754226,4_miss0.10_seed2,4,0.1,2
2025-07,0.04559515440535931,1.9072453852839175,1.9964191459909049,-0.08381343607840996,32.2,12,4.665059329054655,-8.381343607840996,4_miss0.10_seed2,4,0.1,2
2025-08,0.08184386100125247,1.996219514058069,2.166686430208344,-0.10573178814551076,32.0,10,8.528634107690248,-10.573178814551076,4_miss0.10_seed2,4,0.1,2
2025-09,0.07354522907264392,2.1664697723983943,2.33204190737476,-0.10265955397176008,32.0,10,7.631721640058253,-10.265955397176008,4_miss0.10_seed2,4,0.1,2
2025-10,0.09822802338657821,2.3318087148438433,2.57274201561567,-0.1403638006113812,48.7,22,10.321431509430766,-14.036380061138122,4_miss0.10_seed2,4,0.1,2
2025-11,0.22154946889571017,2.5724847542773897,3.210805149825989,-0.10614746422780541,32.2,12,24.80089843200346,-10.614746422780541,4_miss0.10_seed2,4,0.1,2
2025-12,0.14595667379314697,3.210805149825989,3.7153705035543045,-0.10648776951519068,32.0,10,15.714605221548883,-10.648776951519068,4_miss0.10_seed2,4,0.1,2
2026-01,0.09995078029510927,3.7149989850801823,4.105917333391297,-0.2281496066052584,68.1,11,10.511652322786635,-22.81496066052584,4_miss0.10_seed2,4,0.1,2
2026-02,0.24668199379382222,4.102805525655385,5.254638335676271,-0.23466602604833775,60.1,11,27.9772072599469,-23.466602604833774,4_miss0.10_seed2,4,0.1,2
2026-03,0.1835607718632437,5.25411289811502,6.313384798806935,-0.2835331429918817,32.0,10,20.148797985625876,-28.35331429918817,4_miss0.10_seed2,4,0.1,2
2026-04,0.16855079445013896,6.312753491892926,7.472448665602832,-0.1258578526716273,32.8,18,18.358834503718757,-12.58578526716273,4_miss0.10_seed2,4,0.1,2
2026-05,0.1465656439613641,7.471701458097269,8.651981668572324,-0.08860751618335383,32.0,10,15.785093424583918,-8.860751618335383,4_miss0.10_seed2,4,0.1,2
2026-06,0.42335073735817047,8.651116513663933,13.212179937671426,-0.22366307330293422,54.5,10,52.70698024781606,-22.366307330293424,4_miss0.10_seed2,4,0.1,2
2025-01,0.04814174447679296,1.0,1.0493193800102785,-0.16412094758460727,50.0,10,4.931938001027847,-16.412094758460725,4_miss0.10_seed3,4,0.1,3
2025-02,0.10169716561273696,1.0492144533186993,1.1616470980281073,-0.08543925391330887,20.1,11,10.704816870601253,-8.543925391330887,4_miss0.10_seed3,4,0.1,3
2025-03,0.21898834968860303,1.1612145687435231,1.4460377932099762,-0.18205330046561052,50.1,11,24.481677410000113,-18.205330046561052,4_miss0.10_seed3,4,0.1,3
2025-04,0.07324186617059494,1.4458931966606032,1.555923291390449,-0.28715648663214466,80.8,24,7.599075120750776,-28.715648663214466,4_miss0.10_seed3,4,0.1,3
2025-05,0.17149003502344567,1.5557677068406672,1.846993461179191,-0.15330312100188803,44.2,12,18.707231352557653,-15.330312100188802,4_miss0.10_seed3,4,0.1,3
2025-06,0.0636424984866672,1.8468087710677326,1.9683618713770046,-0.14109123903903087,48.0,12,6.571133723469025,-14.109123903903086,4_miss0.10_seed3,4,0.1,3
2025-07,0.044614734080959645,1.9681650450313484,2.058168260989396,-0.08462696434677053,32.2,12,4.562493864482664,-8.462696434677053,4_miss0.10_seed3,4,0.1,3
2025-08,0.08174340843080528,2.0579624544537958,2.2334775314616477,-0.10652585400337045,32.0,10,8.517732674974642,-10.652585400337045,4_miss0.10_seed3,4,0.1,3
2025-09,0.07045796347508981,2.233254194875517,2.3965201925822237,-0.10265955397176019,32.0,10,7.29994633139992,-10.265955397176018,4_miss0.10_seed3,4,0.1,3
2025-10,0.09909807169399798,2.3962805525451674,2.646176683147207,-0.1392322821880284,48.7,22,10.417458252082579,-13.92322821880284,4_miss0.10_seed3,4,0.1,3
2025-11,0.2148181981617545,2.6459120787093346,3.2802972237956505,-0.10921282532491539,32.2,12,23.963650828268214,-10.921282532491539,4_miss0.10_seed3,4,0.1,3
2025-12,0.14211241128334023,3.2802972237956505,3.7812190081995274,-0.10881615738731587,32.0,10,15.270621843963816,-10.881615738731586,4_miss0.10_seed3,4,0.1,3
2026-01,0.09995078029510927,3.7808409052041725,4.17868760390458,-0.2301609580269397,68.1,11,10.511652322786635,-23.016095802693968,4_miss0.10_seed3,4,0.1,3
2026-02,0.2664028580533447,4.1426639863571815,5.454277073018366,-0.23519434063314404,60.1,11,30.526078760275468,-23.519434063314403,4_miss0.10_seed3,4,0.1,3
2026-03,0.17646784686981098,5.45373167258154,6.506931099630158,-0.28402772431581447,32.0,10,19.29960675850413,-28.402772431581447,4_miss0.10_seed3,4,0.1,3
2026-04,0.1711648765845639,6.506931099630158,7.721686574593836,-0.1325837560430213,32.8,18,18.668638969186667,-13.258375604302131,4_miss0.10_seed3,4,0.1,3
2026-05,0.15075734240216188,7.720914444543521,8.978116808400754,-0.08860751618335361,32.0,10,16.27144823439044,-8.86075161833536,4_miss0.10_seed3,4,0.1,3
2026-06,0.3980018614889545,8.977219041609,13.367040492572736,-0.223663073302934,54.5,10,48.88468013765739,-22.3663073302934,4_miss0.10_seed3,4,0.1,3
