candidate_id,hard_pass_complete_years,total_eval_return_pct,return_2023_pct,return_2024_pct,return_2025_pct,return_2026_ytd_pct,min_complete_year_return_pct,losing_eval_months,min_monthly_return_pct,min_monthly_orders,orders,turnover,cost_log,max_drawdown_pct,bucket_family,lookback_months,min_abs_mean_bps,min_samples,leverage
calendar_weekday_lbexpanding_thr0p0_min20_lev1p0,False,190.4752802545444,31.807343866931205,71.56603116404476,-10.548832319332647,43.59927657304039,-10.548832319332647,17,-25.436689044812365,10,554,1026.0,1.026,-87.82619149800371,weekday,,0.0,20,1.0
calendar_weekday_lbexpanding_thr0p0_min50_lev1p0,False,190.4752802545444,31.807343866931205,71.56603116404476,-10.548832319332647,43.59927657304039,-10.548832319332647,17,-25.436689044812365,10,554,1026.0,1.026,-87.82619149800371,weekday,,0.0,50,1.0
calendar_weekday_lbexpanding_thr0p0_min20_lev2p0,False,743.7588843895613,73.73175897255449,194.34903049381984,-19.984886005651315,106.20752232300549,-19.984886005651315,17,-44.403126593999964,10,554,2052.0,2.052,-98.51798386556723,weekday,,0.0,20,2.0
calendar_weekday_lbexpanding_thr0p0_min50_lev2p0,False,743.7588843895613,73.73175897255449,194.34903049381984,-19.984886005651315,106.20752232300549,-19.984886005651315,17,-44.403126593999964,10,554,2052.0,2.052,-98.51798386556723,weekday,,0.0,50,2.0
calendar_weekday_lbexpanding_thr0p0_min20_lev4p0,False,7019.290549863169,201.82724075697766,766.4135175265168,-35.97581532471386,325.21542262592806,-35.97581532471386,17,-69.08987667477206,10,554,4104.0,4.104,-99.9780362817728,weekday,,0.0,20,4.0
calendar_weekday_lbexpanding_thr0p0_min50_lev4p0,False,7019.290549863169,201.82724075697766,766.4135175265168,-35.97581532471386,325.21542262592806,-35.97581532471386,17,-69.08987667477206,10,554,4104.0,4.104,-99.9780362817728,weekday,,0.0,50,4.0
calendar_weekday_lb24_thr0p0_min20_lev1p0,False,77.5393651578012,-52.382159178663755,170.24994847167565,-4.576013158992276,44.577858059996544,-52.382159178663755,18,-23.53550295861304,10,702,1322.0,1.322,-92.01273007682131,weekday,24.0,0.0,20,1.0
calendar_weekday_lb24_thr0p0_min50_lev1p0,False,77.5393651578012,-52.382159178663755,170.24994847167565,-4.576013158992276,44.577858059996544,-52.382159178663755,18,-23.53550295861304,10,702,1322.0,1.322,-92.01273007682131,weekday,24.0,0.0,50,1.0
calendar_weekday_lb24_thr0p0_min20_lev2p0,False,215.20226180635075,-77.32541235513884,630.3503464894336,-8.94262735367185,109.02757041216509,-77.32541235513884,18,-41.531806922077266,10,702,2644.0,2.644,-99.36203519174285,weekday,24.0,0.0,20,2.0
calendar_weekday_lb24_thr0p0_min50_lev2p0,False,215.20226180635075,-77.32541235513884,630.3503464894336,-8.94262735367185,109.02757041216509,-77.32541235513884,18,-41.531806922077266,10,702,2644.0,2.644,-99.36203519174285,weekday,24.0,0.0,50,2.0
calendar_weekday_lb24_thr0p0_min20_lev4p0,False,893.5246584783929,-94.8586307513551,5234.116286172356,-17.085548867477307,336.92525192412626,-94.8586307513551,18,-65.81470398202747,10,702,5288.0,5.288,-99.99593000903425,weekday,24.0,0.0,20,4.0
calendar_weekday_lb24_thr0p0_min50_lev4p0,False,893.5246584783929,-94.8586307513551,5234.116286172356,-17.085548867477307,336.92525192412626,-94.8586307513551,18,-65.81470398202747,10,702,5288.0,5.288,-99.99593000903425,weekday,24.0,0.0,50,4.0
calendar_weekday_lb12_thr0p0_min20_lev1p0,False,-62.799681394388216,-39.46726129401497,-3.738553697631808,-25.9381345746287,-13.79959486106891,-39.46726129401497,25,-31.422082588251744,2,682,1282.0,1.282,-87.7990879322325,weekday,12.0,0.0,20,1.0
calendar_weekday_lb12_thr0p0_min50_lev1p0,False,-62.799681394388216,-39.46726129401497,-3.738553697631808,-25.9381345746287,-13.79959486106891,-39.46726129401497,25,-31.422082588251744,2,682,1282.0,1.282,-87.7990879322325,weekday,12.0,0.0,50,1.0
calendar_weekday_lb12_thr0p0_min20_lev2p0,False,-86.16136295640973,-63.35787544752942,-7.337339557762856,-45.14840089714192,-25.69490153884143,-63.35787544752942,25,-52.97069243467435,2,682,2564.0,2.564,-98.51137744714606,weekday,12.0,0.0,20,2.0
calendar_weekday_lb12_thr0p0_min50_lev2p0,False,-86.16136295640973,-63.35787544752942,-7.337339557762856,-45.14840089714192,-25.69490153884143,-63.35787544752942,25,-52.97069243467435,2,682,2564.0,2.564,-98.51137744714606,weekday,12.0,0.0,50,2.0
calendar_weekday_lb12_thr0p0_min20_lev4p0,False,-98.08492124775772,-86.57354708281233,-14.136313597666595,-69.91302075859338,-44.78752342677531,-86.57354708281233,25,-77.88244229926003,2,682,5128.0,5.128,-99.97784002895135,weekday,12.0,0.0,20,4.0
calendar_weekday_lb12_thr0p0_min50_lev4p0,False,-98.08492124775772,-86.57354708281233,-14.136313597666595,-69.91302075859338,-44.78752342677531,-86.57354708281233,25,-77.88244229926003,2,682,5128.0,5.128,-99.97784002895135,weekday,12.0,0.0,50,4.0
calendar_weekday_lbexpanding_thr0p5_min20_lev1p0,False,-7.052152273961687,1.8814902725776683,-15.88478597846964,11.417730569022023,-2.6546555115836923,-15.88478597846964,29,-9.272519950253988,0,262,262.0,0.262,-65.39136865632541,weekday,,0.5,20,1.0
calendar_weekday_lbexpanding_thr0p5_min50_lev1p0,False,-7.052152273961687,1.8814902725776683,-15.88478597846964,11.417730569022023,-2.6546555115836923,-15.88478597846964,29,-9.272519950253988,0,262,262.0,0.262,-65.39136865632541,weekday,,0.5,50,1.0
calendar_weekday_lbexpanding_thr0p5_min20_lev2p0,False,-13.606976030971952,3.7983806016133936,-29.24630770112143,24.139106851511862,-5.238839064315581,-29.24630770112143,29,-17.685243638229398,0,262,524.0,0.524,-88.02242636517624,weekday,,0.5,20,2.0
calendar_weekday_lbexpanding_thr0p5_min50_lev2p0,False,-13.606976030971952,3.7983806016133936,-29.24630770112143,24.139106851511862,-5.238839064315581,-29.24630770112143,29,-17.685243638229398,0,262,524.0,0.524,-88.02242636517624,weekday,,0.5,50,2.0
calendar_weekday_lbexpanding_thr0p5_min20_lev4p0,False,-25.362454094869456,7.741038155173929,-49.939150260756115,54.10517849891079,-10.203223781213167,-49.939150260756115,29,-32.242808851023455,0,262,1048.0,1.048,-98.56537729822375,weekday,,0.5,20,4.0
calendar_weekday_lbexpanding_thr0p5_min50_lev4p0,False,-25.362454094869456,7.741038155173929,-49.939150260756115,54.10517849891079,-10.203223781213167,-49.939150260756115,29,-32.242808851023455,0,262,1048.0,1.048,-98.56537729822375,weekday,,0.5,50,4.0
calendar_weekday_lb12_thr0p5_min20_lev1p0,False,-45.00650935434189,-27.24863287488407,-27.405317543491126,-16.4996746268507,24.70307144315107,-27.405317543491126,31,-16.19241408418457,0,425,480.0,0.48000000000000004,-86.76204504657122,weekday,12.0,0.5,20,1.0
calendar_weekday_lb12_thr0p5_min50_lev1p0,False,-45.00650935434189,-27.24863287488407,-27.405317543491126,-16.4996746268507,24.70307144315107,-27.405317543491126,31,-16.19241408418457,0,425,480.0,0.48000000000000004,-86.76204504657122,weekday,12.0,0.5,50,1.0
calendar_weekday_lb12_thr0p5_min20_lev2p0,False,-69.75715986605914,-47.07238581426601,-47.30012079038642,-30.276956625782002,55.5085602735564,-47.30012079038642,31,-29.762885429632156,0,425,960.0,0.9600000000000001,-98.2475654865099,weekday,12.0,0.5,20,2.0
calendar_weekday_lb12_thr0p5_min50_lev2p0,False,-69.75715986605914,-47.07238581426601,-47.30012079038642,-30.276956625782002,55.5085602735564,-47.30012079038642,31,-29.762885429632156,0,425,960.0,0.9600000000000001,-98.2475654865099,weekday,12.0,0.5,50,2.0
calendar_weekday_lb12_thr0p5_min20_lev4p0,False,-90.85370620632895,-71.98667656606091,-72.2272273129214,-51.38697222636915,141.82912318354326,-72.2272273129214,31,-50.66747736829021,0,425,1920.0,1.9200000000000002,-99.9692897327593,weekday,12.0,0.5,20,4.0
calendar_weekday_lb12_thr0p5_min50_lev4p0,False,-90.85370620632895,-71.98667656606091,-72.2272273129214,-51.38697222636915,141.82912318354326,-72.2272273129214,31,-50.66747736829021,0,425,1920.0,1.9200000000000002,-99.9692897327593,weekday,12.0,0.5,50,4.0
calendar_weekday_lb24_thr0p5_min20_lev1p0,False,-18.819694909922713,3.974469269500247,-11.965029659489868,-6.988897204190092,-4.647090102267237,-11.965029659489868,32,-8.773696281620191,0,282,282.0,0.28200000000000003,-65.53287739161317,weekday,24.0,0.5,20,1.0
calendar_weekday_lb24_thr0p5_min50_lev1p0,False,-18.819694909922713,3.974469269500247,-11.965029659489868,-6.988897204190092,-4.647090102267237,-11.965029659489868,32,-8.773696281620191,0,282,282.0,0.28200000000000003,-65.53287739161317,weekday,24.0,0.5,50,1.0
calendar_weekday_lb24_thr0p5_min20_lev2p0,False,-34.09758065481972,8.106902598742515,-22.49843997145502,-13.489347567072818,-9.078225740348566,-22.49843997145502,32,-16.777615098819222,0,282,564.0,0.5640000000000001,-88.12017459098429,weekday,24.0,0.5,20,2.0
calendar_weekday_lb24_thr0p5_min50_lev2p0,False,-34.09758065481972,8.106902598742515,-22.49843997145502,-13.489347567072818,-9.078225740348566,-22.49843997145502,32,-16.777615098819222,0,282,564.0,0.5640000000000001,-88.12017459098429,weekday,24.0,0.5,50,2.0
calendar_weekday_lb24_thr0p5_min20_lev4p0,False,-56.568711244520074,16.871023894939995,-39.93508193141838,-25.159070156292696,-17.33230965476985,-39.93508193141838,32,-30.74034651359717,0,282,1128.0,1.1280000000000001,-98.58869748251304,weekday,24.0,0.5,20,4.0
calendar_weekday_lb24_thr0p5_min50_lev4p0,False,-56.568711244520074,16.871023894939995,-39.93508193141838,-25.159070156292696,-17.33230965476985,-39.93508193141838,32,-30.74034651359717,0,282,1128.0,1.1280000000000001,-98.58869748251304,weekday,24.0,0.5,50,4.0
calendar_session_lb24_thr0p0_min20_lev1p0,False,-98.28938735018468,-88.8805420722301,-69.6431610607717,-6.919044182696876,-45.555917601154206,-88.8805420722301,32,-32.734505913447364,2,2367,4652.0,4.652,-99.92484255605,session,24.0,0.0,20,1.0
calendar_session_lb24_thr0p0_min50_lev1p0,False,-98.28938735018468,-88.8805420722301,-69.6431610607717,-6.919044182696876,-45.555917601154206,-88.8805420722301,32,-32.734505913447364,2,2367,4652.0,4.652,-99.92484255605,session,24.0,0.0,50,1.0
calendar_session_lb24_thr0p0_min20_lev2p0,False,-99.97073804362292,-98.76357655392555,-90.78462329617753,-13.359356641372644,-70.3584189174769,-98.76357655392555,32,-54.753533052919536,2,2367,9304.0,9.304,-99.99994351358619,session,24.0,0.0,20,2.0
calendar_session_lb24_thr0p0_min50_lev2p0,False,-99.97073804362292,-98.76357655392555,-90.78462329617753,-13.359356641372644,-70.3584189174769,-98.76357655392555,32,-54.753533052919536,2,2367,9304.0,9.304,-99.99994351358619,session,24.0,0.0,50,2.0
calendar_session_lb24_thr0p0_min20_lev4p0,False,-99.9999914373791,-99.98471257061998,-99.15076832206647,-24.933989184031425,-91.21376670928208,-99.98471257061998,32,-79.52757228806755,2,2367,18608.0,18.608,-99.9999999999681,session,24.0,0.0,20,4.0
calendar_session_lb24_thr0p0_min50_lev4p0,False,-99.9999914373791,-99.98471257061998,-99.15076832206647,-24.933989184031425,-91.21376670928208,-99.98471257061998,32,-79.52757228806755,2,2367,18608.0,18.608,-99.9999999999681,session,24.0,0.0,50,4.0
calendar_session_lbexpanding_thr0p0_min20_lev1p0,False,-98.74805694091948,-68.47588850120472,-59.18630538405121,-80.63125610725999,-49.76176714264129,-80.63125610725999,33,-32.734505913447364,57,2597,5112.0,5.111999999999999,-99.92969357966082,session,,0.0,20,1.0
calendar_session_lbexpanding_thr0p0_min50_lev1p0,False,-98.74805694091948,-68.47588850120472,-59.18630538405121,-80.63125610725999,-49.76176714264129,-80.63125610725999,33,-32.734505913447364,57,2597,5112.0,5.111999999999999,-99.92969357966082,session,,0.0,50,1.0
calendar_session_lbexpanding_thr0p0_min20_lev2p0,False,-99.9843263857682,-90.06230394211524,-83.34242331796074,-96.24851760017447,-74.76119959369804,-96.24851760017447,33,-54.753533052919536,57,2597,10224.0,10.223999999999998,-99.9999505700726,session,,0.0,20,2.0
calendar_session_lbexpanding_thr0p0_min50_lev2p0,False,-99.9843263857682,-90.06230394211524,-83.34242331796074,-96.24851760017447,-74.76119959369804,-96.24851760017447,33,-54.753533052919536,57,2597,10224.0,10.223999999999998,-99.9999505700726,session,,0.0,50,2.0
calendar_session_lbexpanding_thr0p0_min20_lev4p0,False,-99.99999754337817,-99.01242197061102,-97.2252513908198,-99.85926379803799,-93.63002954050852,-99.85926379803799,33,-79.52757228806755,57,2597,20448.0,20.447999999999997,-99.99999999997556,session,,0.0,20,4.0
calendar_session_lbexpanding_thr0p0_min50_lev4p0,False,-99.99999754337817,-99.01242197061102,-97.2252513908198,-99.85926379803799,-93.63002954050852,-99.85926379803799,33,-79.52757228806755,57,2597,20448.0,20.447999999999997,-99.99999999997556,session,,0.0,50,4.0
calendar_session_lb12_thr0p0_min20_lev1p0,False,-99.32806731249023,-75.11970673153922,-74.07282266117254,-78.45066418506741,-51.66283821823696,-78.45066418506741,34,-32.734505913447364,2,2488,4894.0,4.894,-99.93001715856091,session,12.0,0.0,20,1.0
calendar_session_lb12_thr0p0_min50_lev1p0,False,-99.32806731249023,-75.11970673153922,-74.07282266117254,-78.45066418506741,-51.66283821823696,-78.45066418506741,34,-32.734505913447364,2,2488,4894.0,4.894,-99.93001715856091,session,12.0,0.0,50,1.0
calendar_session_lb12_thr0p0_min20_lev2p0,False,-99.99548506463456,-93.80971006875386,-93.27781475240992,-95.35626125935264,-76.63518790883667,-95.35626125935264,34,-54.753533052919536,2,2488,9788.0,9.788,-99.99995102401904,session,12.0,0.0,20,2.0
calendar_session_lb12_thr0p0_min50_lev2p0,False,-99.99548506463456,-93.80971006875386,-93.27781475240992,-95.35626125935264,-76.63518790883667,-95.35626125935264,34,-54.753533052919536,2,2488,9788.0,9.788,-99.99995102401904,session,12.0,0.0,50,2.0
calendar_session_lb12_thr0p0_min20_lev4p0,False,-99.99999979615359,-99.61680310567112,-99.54812225497082,-99.78435690508611,-94.54085555944629,-99.78435690508611,34,-79.52757228806755,2,2488,19576.0,19.576,-99.99999999997601,session,12.0,0.0,20,4.0
calendar_session_lb12_thr0p0_min50_lev4p0,False,-99.99999979615359,-99.61680310567112,-99.54812225497082,-99.78435690508611,-94.54085555944629,-99.78435690508611,34,-79.52757228806755,2,2488,19576.0,19.576,-99.99999999997601,session,12.0,0.0,50,4.0
calendar_weekday_lb12_thr1p0_min20_lev1p0,False,-3.5326486120353384,0.0,-3.5326486120353384,0.0,0.0,-3.5326486120353384,37,-5.79281613833288,0,62,62.0,0.062000000000000006,-51.202212896429636,weekday,12.0,1.0,20,1.0
calendar_weekday_lb12_thr1p0_min50_lev1p0,False,-3.5326486120353384,0.0,-3.5326486120353384,0.0,0.0,-3.5326486120353384,37,-5.79281613833288,0,62,62.0,0.062000000000000006,-51.202212896429636,weekday,12.0,1.0,50,1.0
calendar_weekday_lb12_thr1p0_min20_lev2p0,False,-6.940501161909529,0.0,-6.940501161909529,0.0,0.0,-6.940501161909529,37,-11.25006508854045,0,62,124.0,0.12400000000000001,-76.18775973794621,weekday,12.0,1.0,20,2.0
calendar_weekday_lb12_thr1p0_min50_lev2p0,False,-6.940501161909529,0.0,-6.940501161909529,0.0,0.0,-6.940501161909529,37,-11.25006508854045,0,62,124.0,0.12400000000000001,-76.18775973794621,weekday,12.0,1.0,50,2.0
calendar_weekday_lb12_thr1p0_min20_lev4p0,False,-13.399296760034375,0.0,-13.399296760034375,0.0,0.0,-13.399296760034375,37,-21.234490532116933,0,62,248.0,0.24800000000000003,-94.32977213702225,weekday,12.0,1.0,20,4.0
calendar_weekday_lb12_thr1p0_min50_lev4p0,False,-13.399296760034375,0.0,-13.399296760034375,0.0,0.0,-13.399296760034375,37,-21.234490532116933,0,62,248.0,0.24800000000000003,-94.32977213702225,weekday,12.0,1.0,50,4.0
calendar_session_lb12_thr0p5_min20_lev1p0,False,-65.11634347517382,-37.95492925592846,-41.428087531019095,-4.010150032133808,0.0,-41.428087531019095,39,-19.862367591721885,0,970,970.0,0.97,-92.81237188101684,session,12.0,0.5,20,1.0
calendar_session_lb12_thr0p5_min50_lev1p0,False,-65.11634347517382,-37.95492925592846,-41.428087531019095,-4.010150032133808,0.0,-41.428087531019095,39,-19.862367591721885,0,970,970.0,0.97,-92.81237188101684,session,12.0,0.5,50,1.0
calendar_session_lb12_thr0p5_min20_lev2p0,False,-87.83130507457952,-61.50409196363158,-65.69331069726039,-7.859487031465395,0.0,-65.69331069726039,39,-35.77959871995694,0,970,1940.0,1.94,-99.48338002023203,session,12.0,0.5,20,2.0
calendar_session_lb12_thr0p5_min50_lev2p0,False,-87.83130507457952,-61.50409196363158,-65.69331069726039,-7.859487031465395,0.0,-65.69331069726039,39,-35.77959871995694,0,970,1940.0,1.94,-99.48338002023203,session,12.0,0.5,50,2.0
calendar_session_lb12_thr0p5_min20_lev4p0,False,-98.51922863812047,-85.18065064455465,-88.23051069085292,-15.101258698953057,0.0,-88.23051069085292,39,-58.75740059430243,0,970,3880.0,3.88,-99.99733103796504,session,12.0,0.5,20,4.0
calendar_session_lb12_thr0p5_min50_lev4p0,False,-98.51922863812047,-85.18065064455465,-88.23051069085292,-15.101258698953057,0.0,-88.23051069085292,39,-58.75740059430243,0,970,3880.0,3.88,-99.99733103796504,session,12.0,0.5,50,4.0
calendar_hour_lbexpanding_thr1p0_min20_lev1p0,False,-79.16032633920224,-57.19863434061605,-51.31072726360828,0.0,0.0,-57.19863434061605,40,-14.383013613663142,0,1642,1642.0,1.642,-99.9702506202502,hour,,1.0,20,1.0
calendar_hour_lbexpanding_thr1p0_min50_lev1p0,False,-79.16032633920224,-57.19863434061605,-51.31072726360828,0.0,0.0,-57.19863434061605,40,-14.383013613663142,0,1642,1642.0,1.642,-99.9702506202502,hour,,1.0,50,1.0
calendar_hour_lbexpanding_thr1p0_min20_lev2p0,False,-95.65708001711452,-81.68043097691708,-76.29354720401263,0.0,0.0,-81.68043097691708,40,-26.697316421218098,0,1642,3284.0,3.284,-99.99999114974405,hour,,1.0,20,2.0
calendar_hour_lbexpanding_thr1p0_min50_lev2p0,False,-95.65708001711452,-81.68043097691708,-76.29354720401263,0.0,0.0,-81.68043097691708,40,-26.697316421218098,0,1642,3284.0,3.284,-99.99999114974405,hour,,1.0,50,2.0
calendar_hour_lbexpanding_thr1p0_min20_lev4p0,False,-99.81139046022254,-96.64393390808502,-94.38004095831623,0.0,0.0,-96.64393390808502,40,-46.267165801489774,0,1642,6568.0,6.568,-99.99999999999922,hour,,1.0,20,4.0
calendar_hour_lbexpanding_thr1p0_min50_lev4p0,False,-99.81139046022254,-96.64393390808502,-94.38004095831623,0.0,0.0,-96.64393390808502,40,-46.267165801489774,0,1642,6568.0,6.568,-99.99999999999922,hour,,1.0,50,4.0
calendar_session_lb12_thr1p0_min20_lev1p0,False,0.0,0.0,0.0,0.0,0.0,0.0,41,0.0,0,0,0.0,0.0,-17.3131848273396,session,12.0,1.0,20,1.0
calendar_session_lb12_thr1p0_min20_lev2p0,False,0.0,0.0,0.0,0.0,0.0,0.0,41,0.0,0,0,0.0,0.0,-31.62890596602297,session,12.0,1.0,20,2.0
calendar_session_lb12_thr1p0_min20_lev4p0,False,0.0,0.0,0.0,0.0,0.0,0.0,41,0.0,0,0,0.0,0.0,-53.25393500597071,session,12.0,1.0,20,4.0
calendar_session_lb12_thr1p0_min50_lev1p0,False,0.0,0.0,0.0,0.0,0.0,0.0,41,0.0,0,0,0.0,0.0,-17.3131848273396,session,12.0,1.0,50,1.0
calendar_session_lb12_thr1p0_min50_lev2p0,False,0.0,0.0,0.0,0.0,0.0,0.0,41,0.0,0,0,0.0,0.0,-31.62890596602297,session,12.0,1.0,50,2.0
calendar_session_lb12_thr1p0_min50_lev4p0,False,0.0,0.0,0.0,0.0,0.0,0.0,41,0.0,0,0,0.0,0.0,-53.25393500597071,session,12.0,1.0,50,4.0
calendar_session_lb24_thr0p5_min20_lev1p0,False,0.0,0.0,0.0,0.0,0.0,0.0,41,0.0,0,0,0.0,0.0,-88.29183604614452,session,24.0,0.5,20,1.0
calendar_session_lb24_thr0p5_min20_lev2p0,False,0.0,0.0,0.0,0.0,0.0,0.0,41,0.0,0,0,0.0,0.0,-98.62918896829639,session,24.0,0.5,20,2.0
calendar_session_lb24_thr0p5_min20_lev4p0,False,0.0,0.0,0.0,0.0,0.0,0.0,41,0.0,0,0,0.0,0.0,-99.98120877115359,session,24.0,0.5,20,4.0
calendar_session_lb24_thr0p5_min50_lev1p0,False,0.0,0.0,0.0,0.0,0.0,0.0,41,0.0,0,0,0.0,0.0,-88.29183604614452,session,24.0,0.5,50,1.0
calendar_session_lb24_thr0p5_min50_lev2p0,False,0.0,0.0,0.0,0.0,0.0,0.0,41,0.0,0,0,0.0,0.0,-98.62918896829639,session,24.0,0.5,50,2.0
calendar_session_lb24_thr0p5_min50_lev4p0,False,0.0,0.0,0.0,0.0,0.0,0.0,41,0.0,0,0,0.0,0.0,-99.98120877115359,session,24.0,0.5,50,4.0
calendar_session_lb24_thr1p0_min20_lev1p0,False,0.0,0.0,0.0,0.0,0.0,0.0,41,0.0,0,0,0.0,0.0,0.0,session,24.0,1.0,20,1.0
calendar_session_lb24_thr1p0_min20_lev2p0,False,0.0,0.0,0.0,0.0,0.0,0.0,41,0.0,0,0,0.0,0.0,0.0,session,24.0,1.0,20,2.0
calendar_session_lb24_thr1p0_min20_lev4p0,False,0.0,0.0,0.0,0.0,0.0,0.0,41,0.0,0,0,0.0,0.0,0.0,session,24.0,1.0,20,4.0
calendar_session_lb24_thr1p0_min50_lev1p0,False,0.0,0.0,0.0,0.0,0.0,0.0,41,0.0,0,0,0.0,0.0,0.0,session,24.0,1.0,50,1.0
calendar_session_lb24_thr1p0_min50_lev2p0,False,0.0,0.0,0.0,0.0,0.0,0.0,41,0.0,0,0,0.0,0.0,0.0,session,24.0,1.0,50,2.0
calendar_session_lb24_thr1p0_min50_lev4p0,False,0.0,0.0,0.0,0.0,0.0,0.0,41,0.0,0,0,0.0,0.0,0.0,session,24.0,1.0,50,4.0
calendar_session_lbexpanding_thr1p0_min20_lev1p0,False,0.0,0.0,0.0,0.0,0.0,0.0,41,0.0,0,0,0.0,0.0,0.0,session,,1.0,20,1.0
calendar_session_lbexpanding_thr1p0_min20_lev2p0,False,0.0,0.0,0.0,0.0,0.0,0.0,41,0.0,0,0,0.0,0.0,0.0,session,,1.0,20,2.0
calendar_session_lbexpanding_thr1p0_min20_lev4p0,False,0.0,0.0,0.0,0.0,0.0,0.0,41,0.0,0,0,0.0,0.0,0.0,session,,1.0,20,4.0
calendar_session_lbexpanding_thr1p0_min50_lev1p0,False,0.0,0.0,0.0,0.0,0.0,0.0,41,0.0,0,0,0.0,0.0,0.0,session,,1.0,50,1.0
calendar_session_lbexpanding_thr1p0_min50_lev2p0,False,0.0,0.0,0.0,0.0,0.0,0.0,41,0.0,0,0,0.0,0.0,0.0,session,,1.0,50,2.0
calendar_session_lbexpanding_thr1p0_min50_lev4p0,False,0.0,0.0,0.0,0.0,0.0,0.0,41,0.0,0,0,0.0,0.0,0.0,session,,1.0,50,4.0
calendar_weekday_lb24_thr1p0_min20_lev1p0,False,0.0,0.0,0.0,0.0,0.0,0.0,41,0.0,0,0,0.0,0.0,-29.291334577043237,weekday,24.0,1.0,20,1.0
calendar_weekday_lb24_thr1p0_min20_lev2p0,False,0.0,0.0,0.0,0.0,0.0,0.0,41,0.0,0,0,0.0,0.0,-50.00284634104359,weekday,24.0,1.0,20,2.0
calendar_weekday_lb24_thr1p0_min20_lev4p0,False,0.0,0.0,0.0,0.0,0.0,0.0,41,0.0,0,0,0.0,0.0,-75.00284626002703,weekday,24.0,1.0,20,4.0
calendar_weekday_lb24_thr1p0_min50_lev1p0,False,0.0,0.0,0.0,0.0,0.0,0.0,41,0.0,0,0,0.0,0.0,-29.291334577043237,weekday,24.0,1.0,50,1.0
calendar_weekday_lb24_thr1p0_min50_lev2p0,False,0.0,0.0,0.0,0.0,0.0,0.0,41,0.0,0,0,0.0,0.0,-50.00284634104359,weekday,24.0,1.0,50,2.0
calendar_weekday_lb24_thr1p0_min50_lev4p0,False,0.0,0.0,0.0,0.0,0.0,0.0,41,0.0,0,0,0.0,0.0,-75.00284626002703,weekday,24.0,1.0,50,4.0
calendar_weekday_lbexpanding_thr1p0_min20_lev1p0,False,0.0,0.0,0.0,0.0,0.0,0.0,41,0.0,0,0,0.0,0.0,-29.291334577043237,weekday,,1.0,20,1.0
calendar_weekday_lbexpanding_thr1p0_min20_lev2p0,False,0.0,0.0,0.0,0.0,0.0,0.0,41,0.0,0,0,0.0,0.0,-50.00284634104359,weekday,,1.0,20,2.0
calendar_weekday_lbexpanding_thr1p0_min20_lev4p0,False,0.0,0.0,0.0,0.0,0.0,0.0,41,0.0,0,0,0.0,0.0,-75.00284626002703,weekday,,1.0,20,4.0
calendar_weekday_lbexpanding_thr1p0_min50_lev1p0,False,0.0,0.0,0.0,0.0,0.0,0.0,41,0.0,0,0,0.0,0.0,-29.291334577043237,weekday,,1.0,50,1.0
calendar_weekday_lbexpanding_thr1p0_min50_lev2p0,False,0.0,0.0,0.0,0.0,0.0,0.0,41,0.0,0,0,0.0,0.0,-50.00284634104359,weekday,,1.0,50,2.0
calendar_weekday_lbexpanding_thr1p0_min50_lev4p0,False,0.0,0.0,0.0,0.0,0.0,0.0,41,0.0,0,0,0.0,0.0,-75.00284626002703,weekday,,1.0,50,4.0
calendar_session_lbexpanding_thr0p5_min20_lev1p0,False,-16.828046286034002,-16.828046286034002,0.0,0.0,0.0,-16.828046286034002,41,-8.393157032495113,0,178,178.0,0.178,-86.30376815060916,session,,0.5,20,1.0
calendar_session_lbexpanding_thr0p5_min50_lev1p0,False,-16.828046286034002,-16.828046286034002,0.0,0.0,0.0,-16.828046286034002,41,-8.393157032495113,0,178,178.0,0.178,-86.30376815060916,session,,0.5,50,1.0
calendar_session_lbexpanding_thr0p5_min20_lev2p0,False,-30.824261154018973,-30.824261154018973,0.0,0.0,0.0,-30.824261154018973,41,-16.081863215269,0,178,356.0,0.356,-98.12413233127732,session,,0.5,20,2.0
calendar_session_lbexpanding_thr0p5_min50_lev2p0,False,-30.824261154018973,-30.824261154018973,0.0,0.0,0.0,-30.824261154018973,41,-16.081863215269,0,178,356.0,0.356,-98.12413233127732,session,,0.5,50,2.0
calendar_session_lbexpanding_thr0p5_min20_lev4p0,False,-52.14717155112631,-52.14717155112631,0.0,0.0,0.0,-52.14717155112631,41,-29.577463185791775,0,178,712.0,0.712,-99.96481120489442,session,,0.5,20,4.0
calendar_session_lbexpanding_thr0p5_min50_lev4p0,False,-52.14717155112631,-52.14717155112631,0.0,0.0,0.0,-52.14717155112631,41,-29.577463185791775,0,178,712.0,0.712,-99.96481120489442,session,,0.5,50,4.0
calendar_hour_lb24_thr1p0_min20_lev1p0,False,-97.72051396726415,-86.96196437594571,-58.45249337098928,-30.737210749373123,-39.245307165054875,-86.96196437594571,41,-30.570915355564622,0,3795,3826.0,3.826,-99.9989998500531,hour,24.0,1.0,20,1.0
calendar_hour_lb24_thr1p0_min50_lev1p0,False,-97.72051396726415,-86.96196437594571,-58.45249337098928,-30.737210749373123,-39.245307165054875,-86.96196437594571,41,-30.570915355564622,0,3795,3826.0,3.826,-99.9989998500531,hour,24.0,1.0,50,1.0
calendar_hour_week_lbexpanding_thr1p0_min20_lev1p0,False,-99.99999474784495,-99.69555325192601,-99.3378259198056,-98.77920615109097,-78.65915116277236,-99.69555325192601,41,-50.615592225371266,296,15994,17734.0,17.734,-99.99999999999518,hour_week,,1.0,20,1.0
calendar_hour_week_lbexpanding_thr1p0_min50_lev1p0,False,-99.99999474784495,-99.69555325192601,-99.3378259198056,-98.77920615109097,-78.65915116277236,-99.69555325192601,41,-50.615592225371266,296,15994,17734.0,17.734,-99.99999999999518,hour_week,,1.0,50,1.0
calendar_hour_lb24_thr0p5_min20_lev1p0,False,-99.99999797555152,-99.73480562393972,-99.38395890535652,-98.9711360048811,-87.95588854010754,-99.73480562393972,41,-50.85286032919007,252,16010,17530.0,17.529999999999998,-99.99999999998906,hour,24.0,0.5,20,1.0
calendar_hour_lb24_thr0p5_min50_lev1p0,False,-99.99999797555152,-99.73480562393972,-99.38395890535652,-98.9711360048811,-87.95588854010754,-99.73480562393972,41,-50.85286032919007,252,16010,17530.0,17.529999999999998,-99.99999999998906,hour,24.0,0.5,50,1.0
calendar_hour_lb24_thr1p0_min20_lev2p0,False,-99.94803943426562,-98.30009627065891,-82.7380469291231,-52.02666025223246,-63.08867298531467,-98.30009627065891,41,-51.79602205435827,0,3795,7652.0,7.652,-99.99999998999701,hour,24.0,1.0,20,2.0
calendar_hour_lb24_thr1p0_min50_lev2p0,False,-99.94803943426562,-98.30009627065891,-82.7380469291231,-52.02666025223246,-63.08867298531467,-98.30009627065891,41,-51.79602205435827,0,3795,7652.0,7.652,-99.99999998999701,hour,24.0,1.0,50,2.0
calendar_hour_week_lb12_thr1p0_min20_lev1p0,False,-99.99999997067702,-99.91352990480245,-99.77656205285422,-99.7916230110256,-92.71657769317157,-99.91352990480245,41,-51.883742351371055,365,17975,22380.0,22.38,-99.99999999999999,hour_week,12.0,1.0,20,1.0
calendar_hour_week_lb12_thr1p0_min50_lev1p0,False,-99.99999997067702,-99.91352990480245,-99.77656205285422,-99.7916230110256,-92.71657769317157,-99.91352990480245,41,-51.883742351371055,365,17975,22380.0,22.38,-99.99999999999999,hour_week,12.0,1.0,50,1.0
calendar_hour_week_lb24_thr1p0_min20_lev1p0,False,-99.9999998975558,-99.92988811328863,-99.66141639197818,-99.39803749339113,-92.8309709812899,-99.92988811328863,41,-53.043763290870615,337,17201,20128.0,20.128,-99.99999999999997,hour_week,24.0,1.0,20,1.0
calendar_hour_week_lb24_thr1p0_min50_lev1p0,False,-99.9999998975558,-99.92988811328863,-99.66141639197818,-99.39803749339113,-92.8309709812899,-99.92988811328863,41,-53.043763290870615,337,17201,20128.0,20.128,-99.99999999999997,hour_week,24.0,1.0,50,1.0
calendar_hour_lb12_thr1p0_min20_lev1p0,False,-99.96157094260315,-95.93805960978543,-86.1465063432993,-82.51794386014272,-60.93621099249963,-95.93805960978543,41,-53.17531282423899,0,6853,7398.0,7.398,-99.99999547609511,hour,12.0,1.0,20,1.0
calendar_hour_lb12_thr1p0_min50_lev1p0,False,-99.96157094260315,-95.93805960978543,-86.1465063432993,-82.51794386014272,-60.93621099249963,-95.93805960978543,41,-53.17531282423899,0,6853,7398.0,7.398,-99.99999547609511,hour,12.0,1.0,50,1.0
calendar_hour_lbexpanding_thr0p5_min20_lev1p0,False,-99.99998385639942,-99.91519750511486,-99.38314894430806,-95.25000716035548,-35.02915620410647,-99.91519750511486,41,-55.863028594947494,93,14374,16048.0,16.048,-99.9999999999475,hour,,0.5,20,1.0
calendar_hour_lbexpanding_thr0p5_min50_lev1p0,False,-99.99998385639942,-99.91519750511486,-99.38314894430806,-95.25000716035548,-35.02915620410647,-99.91519750511486,41,-55.863028594947494,93,14374,16048.0,16.048,-99.9999999999475,hour,,0.5,50,1.0
calendar_hour_week_lb24_thr0p5_min20_lev1p0,False,-99.99999999946856,-99.96933996748123,-99.9543891548827,-99.86945827099217,-97.08885586872299,-99.96933996748123,41,-56.55534167067779,426,19510,26476.0,26.476,-100.0,hour_week,24.0,0.5,20,1.0
calendar_hour_week_lb24_thr0p5_min50_lev1p0,False,-99.99999999946856,-99.96933996748123,-99.9543891548827,-99.86945827099217,-97.08885586872299,-99.96933996748123,41,-56.55534167067779,426,19510,26476.0,26.476,-100.0,hour_week,24.0,0.5,50,1.0
calendar_hour_week_lb12_thr0p5_min20_lev1p0,False,-99.99999999988988,-99.98200261656667,-99.94697242460504,-99.9609624919278,-97.04408307523221,-99.98200261656667,41,-59.61467618108757,414,19334,27728.0,27.728,-100.0,hour_week,12.0,0.5,20,1.0
calendar_hour_week_lb12_thr0p5_min50_lev1p0,False,-99.99999999988988,-99.98200261656667,-99.94697242460504,-99.9609624919278,-97.04408307523221,-99.98200261656667,41,-59.61467618108757,414,19334,27728.0,27.728,-100.0,hour_week,12.0,0.5,50,1.0
calendar_hour_lb12_thr0p5_min20_lev1p0,False,-99.99999988851724,-99.89988290743472,-99.69865216042064,-99.61516382164133,-90.39813717069522,-99.89988290743472,41,-59.641013672815646,224,17500,20866.0,20.866000000000003,-99.99999999999994,hour,12.0,0.5,20,1.0
calendar_hour_lb12_thr0p5_min50_lev1p0,False,-99.99999988851724,-99.89988290743472,-99.69865216042064,-99.61516382164133,-90.39813717069522,-99.89988290743472,41,-59.641013672815646,224,17500,20866.0,20.866000000000003,-99.99999999999994,hour,12.0,0.5,50,1.0
calendar_hour_week_lbexpanding_thr0p5_min20_lev1p0,False,-99.99999999488908,-99.94173966936798,-99.92939533140628,-99.86300568453038,-90.93035799374915,-99.94173966936798,41,-61.457096791495914,416,19647,24698.0,24.698,-100.0,hour_week,,0.5,20,1.0
calendar_hour_week_lbexpanding_thr0p5_min50_lev1p0,False,-99.99999999488908,-99.94173966936798,-99.92939533140628,-99.86300568453038,-90.93035799374915,-99.94173966936798,41,-61.457096791495914,416,19647,24698.0,24.698,-100.0,hour_week,,0.5,50,1.0
calendar_hour_week_lb24_thr0p0_min20_lev1p0,False,-99.99999999995327,-99.98320722937865,-99.97944811669963,-99.93097984385757,-98.03845004750332,-99.98320722937865,41,-62.624889930295225,316,14693,29304.0,29.303999999999995,-100.0,hour_week,24.0,0.0,20,1.0
calendar_hour_week_lb24_thr0p0_min50_lev1p0,False,-99.99999999995327,-99.98320722937865,-99.97944811669963,-99.93097984385757,-98.03845004750332,-99.98320722937865,41,-62.624889930295225,316,14693,29304.0,29.303999999999995,-100.0,hour_week,24.0,0.0,50,1.0
calendar_hour_week_lbexpanding_thr0p0_min20_lev1p0,False,-99.9999999997713,-99.98338729457305,-99.96340820485919,-99.92545226314515,-94.95335732999388,-99.98338729457305,41,-63.37810159126012,282,13773,27464.0,27.464000000000002,-100.0,hour_week,,0.0,20,1.0
calendar_hour_week_lbexpanding_thr0p0_min50_lev1p0,False,-99.9999999997713,-99.98338729457305,-99.96340820485919,-99.92545226314515,-94.95335732999388,-99.98338729457305,41,-63.37810159126012,282,13773,27464.0,27.464000000000002,-100.0,hour_week,,0.0,50,1.0
calendar_hour_lbexpanding_thr0p0_min20_lev1p0,False,-99.99999999824068,-99.87801765217226,-99.83324122391471,-99.97796315185794,-96.07528259542963,-99.97796315185794,41,-66.1568105573391,233,12697,25312.0,25.311999999999998,-100.0,hour,,0.0,20,1.0
calendar_hour_lbexpanding_thr0p0_min50_lev1p0,False,-99.99999999824068,-99.87801765217226,-99.83324122391471,-99.97796315185794,-96.07528259542963,-99.97796315185794,41,-66.1568105573391,233,12697,25312.0,25.311999999999998,-100.0,hour,,0.0,50,1.0
calendar_hour_lb12_thr0p0_min20_lev1p0,False,-99.99999999998529,-99.99155656355168,-99.94258284965252,-99.98860956576323,-97.33550602517307,-99.99155656355168,41,-67.60273335152075,242,15085,30088.0,30.088,-100.0,hour,12.0,0.0,20,1.0
calendar_hour_lb12_thr0p0_min50_lev1p0,False,-99.99999999998529,-99.99155656355168,-99.94258284965252,-99.98860956576323,-97.33550602517307,-99.99155656355168,41,-67.60273335152075,242,15085,30088.0,30.088,-100.0,hour,12.0,0.0,50,1.0
calendar_hour_week_lb12_thr0p0_min20_lev1p0,False,-99.9999999999939,-99.99024552811699,-99.98499126609184,-99.9837474655048,-97.4374037305738,-99.99024552811699,41,-69.21339340571092,314,15110,30138.0,30.138,-100.0,hour_week,12.0,0.0,20,1.0
calendar_hour_week_lb12_thr0p0_min50_lev1p0,False,-99.9999999999939,-99.99024552811699,-99.98499126609184,-99.9837474655048,-97.4374037305738,-99.99024552811699,41,-69.21339340571092,314,15110,30138.0,30.138,-100.0,hour_week,12.0,0.0,50,1.0
calendar_hour_lb24_thr0p0_min20_lev1p0,False,-99.99999999999986,-99.99939857483466,-99.97703348220658,-99.9910431863124,-98.798142679859,-99.99939857483466,41,-69.6879114230342,301,17146,34210.0,34.21,-100.0,hour,24.0,0.0,20,1.0
calendar_hour_lb24_thr0p0_min50_lev1p0,False,-99.99999999999986,-99.99939857483466,-99.97703348220658,-99.9910431863124,-98.798142679859,-99.99939857483466,41,-69.6879114230342,301,17146,34210.0,34.21,-100.0,hour,24.0,0.0,50,1.0
calendar_hour_week_lbexpanding_thr1p0_min20_lev2p0,False,-99.99999999999972,-99.99907312177587,-99.99561525487519,-99.98509662378467,-95.445681709066,-99.99907312177587,41,-75.61180268749187,296,15994,35468.0,35.468,-100.0,hour_week,,1.0,20,2.0
calendar_hour_week_lbexpanding_thr1p0_min50_lev2p0,False,-99.99999999999972,-99.99907312177587,-99.99561525487519,-99.98509662378467,-95.445681709066,-99.99907312177587,41,-75.61180268749187,296,15994,35468.0,35.468,-100.0,hour_week,,1.0,50,2.0
calendar_hour_lb24_thr0p5_min20_lev2p0,False,-99.99999999999996,-99.99929671942907,-99.99620493369711,-99.98941438879548,-98.54939379141688,-99.99929671942907,41,-75.845586621779,252,16010,35060.0,35.059999999999995,-100.0,hour,24.0,0.5,20,2.0
calendar_hour_lb24_thr0p5_min50_lev2p0,False,-99.99999999999996,-99.99929671942907,-99.99620493369711,-99.98941438879548,-98.54939379141688,-99.99929671942907,41,-75.845586621779,252,16010,35060.0,35.059999999999995,-100.0,hour,24.0,0.5,50,2.0
calendar_hour_lb24_thr1p0_min20_lev4p0,False,-99.99997300099609,-99.97110327310972,-97.02024976178843,-76.98558673445267,-86.37553938014962,-99.97110327310972,41,-76.76376510216086,0,3795,15304.0,15.304,-100.0,hour,24.0,1.0,20,4.0
calendar_hour_lb24_thr1p0_min50_lev4p0,False,-99.99997300099609,-99.97110327310972,-97.02024976178843,-76.98558673445267,-86.37553938014962,-99.97110327310972,41,-76.76376510216086,0,3795,15304.0,15.304,-100.0,hour,24.0,1.0,50,4.0
calendar_hour_week_lb12_thr1p0_min20_lev2p0,False,-100.0,-99.99992522922636,-99.99950075483775,-99.99956579030466,-99.46951759500394,-99.99992522922636,41,-76.84825749890756,365,17975,44760.0,44.76,-100.0,hour_week,12.0,1.0,20,2.0
calendar_hour_week_lb12_thr1p0_min50_lev2p0,False,-100.0,-99.99992522922636,-99.99950075483775,-99.99956579030466,-99.46951759500394,-99.99992522922636,41,-76.84825749890756,365,17975,44760.0,44.76,-100.0,hour_week,12.0,1.0,50,2.0
calendar_hour_week_lb24_thr1p0_min20_lev2p0,False,-100.0,-99.99995084323342,-99.99885361140379,-99.99637641140637,-99.48605022928892,-99.99995084323342,41,-77.9511183411621,337,17201,40256.0,40.256,-100.0,hour_week,24.0,1.0,20,2.0
calendar_hour_week_lb24_thr1p0_min50_lev2p0,False,-100.0,-99.99995084323342,-99.99885361140379,-99.99637641140637,-99.48605022928892,-99.99995084323342,41,-77.9511183411621,337,17201,40256.0,40.256,-100.0,hour_week,24.0,1.0,50,2.0
calendar_hour_lb12_thr1p0_min20_lev2p0,False,-99.99998523207547,-99.83500640266344,-98.08080713503753,-96.94377713122879,-84.74020388377494,-99.83500640266344,41,-78.07448670892123,0,6853,14796.0,14.796,-99.9999999999998,hour,12.0,1.0,20,2.0
calendar_hour_lb12_thr1p0_min50_lev2p0,False,-99.99998523207547,-99.83500640266344,-98.08080713503753,-96.94377713122879,-84.74020388377494,-99.83500640266344,41,-78.07448670892123,0,6853,14796.0,14.796,-99.9999999999998,hour,12.0,1.0,50,2.0
calendar_hour_lbexpanding_thr0p5_min20_lev2p0,False,-99.99999999999739,-99.99992808536862,-99.99619494775092,-99.77437568023326,-57.787894564496035,-99.99992808536862,41,-80.51927755189578,93,14374,32096.0,32.096,-100.0,hour,,0.5,20,2.0
calendar_hour_lbexpanding_thr0p5_min50_lev2p0,False,-99.99999999999739,-99.99992808536862,-99.99619494775092,-99.77437568023326,-57.787894564496035,-99.99992808536862,41,-80.51927755189578,93,14374,32096.0,32.096,-100.0,hour,,0.5,50,2.0
calendar_hour_week_lb24_thr0p5_min20_lev2p0,False,-100.0,-99.99999059962406,-99.99997919650808,-99.99982958856988,-99.9152523984693,-99.99999059962406,41,-81.12561662648456,426,19510,52952.0,52.952,-100.0,hour_week,24.0,0.5,20,2.0
calendar_hour_week_lb24_thr0p5_min50_lev2p0,False,-100.0,-99.99999059962406,-99.99997919650808,-99.99982958856988,-99.9152523984693,-99.99999059962406,41,-81.12561662648456,426,19510,52952.0,52.952,-100.0,hour_week,24.0,0.5,50,2.0
calendar_hour_week_lb12_thr0p5_min20_lev2p0,False,-100.0,-99.9999967609419,-99.99997188076247,-99.99998476072963,-99.91262555133872,-99.9999967609419,41,-83.69025620041585,414,19334,55456.0,55.456,-100.0,hour_week,12.0,0.5,20,2.0
calendar_hour_week_lb12_thr0p5_min50_lev2p0,False,-100.0,-99.9999967609419,-99.99997188076247,-99.99998476072963,-99.91262555133872,-99.9999967609419,41,-83.69025620041585,414,19334,55456.0,55.456,-100.0,hour_week,12.0,0.5,50,2.0
calendar_hour_lb12_thr0p5_min20_lev2p0,False,-100.0,-99.99989976567775,-99.99909189479581,-99.99851901115827,-99.07804230207216,-99.99989976567775,41,-83.71152222642147,224,17500,41732.0,41.732000000000006,-100.0,hour,12.0,0.5,20,2.0
calendar_hour_lb12_thr0p5_min50_lev2p0,False,-100.0,-99.99989976567775,-99.99909189479581,-99.99851901115827,-99.07804230207216,-99.99989976567775,41,-83.71152222642147,224,17500,41732.0,41.732000000000006,-100.0,hour,12.0,0.5,50,2.0
calendar_hour_week_lbexpanding_thr0p5_min20_lev2p0,False,-100.0,-99.99996605733875,-99.99995014980773,-99.99981232557529,-99.17741593878449,-99.99996605733875,41,-85.14444612259885,416,19647,49396.0,49.396,-100.0,hour_week,,0.5,20,2.0
calendar_hour_week_lbexpanding_thr0p5_min50_lev2p0,False,-100.0,-99.99996605733875,-99.99995014980773,-99.99981232557529,-99.17741593878449,-99.99996605733875,41,-85.14444612259885,416,19647,49396.0,49.396,-100.0,hour_week,,0.5,50,2.0
calendar_hour_week_lb24_thr0p0_min20_lev2p0,False,-100.0,-99.99999718002854,-99.99999577620092,-99.99995236218045,-99.9615232178386,-99.99999718002854,41,-86.03101147277452,316,14693,58608.0,58.60799999999999,-100.0,hour_week,24.0,0.0,20,2.0
calendar_hour_week_lb24_thr0p0_min50_lev2p0,False,-100.0,-99.99999718002854,-99.99999577620092,-99.99995236218045,-99.9615232178386,-99.99999718002854,41,-86.03101147277452,316,14693,58608.0,58.60799999999999,-100.0,hour_week,24.0,0.0,50,2.0
calendar_hour_week_lbexpanding_thr0p0_min20_lev2p0,False,-100.0,-99.99999724018018,-99.99998661040529,-99.9999444263493,-99.74531397761274,-99.99999724018018,41,-86.58836556939934,282,13773,54928.0,54.928000000000004,-100.0,hour_week,,0.0,20,2.0
calendar_hour_week_lbexpanding_thr0p0_min50_lev2p0,False,-100.0,-99.99999724018018,-99.99998661040529,-99.9999444263493,-99.74531397761274,-99.99999724018018,41,-86.58836556939934,282,13773,54928.0,54.928000000000004,-100.0,hour_week,,0.0,50,2.0
calendar_hour_lbexpanding_thr0p0_min20_lev2p0,False,-100.0,-99.99985120306818,-99.999721915106,-99.99999514377323,-99.84596593294263,-99.99999514377323,41,-88.54638528348165,233,12697,50624.0,50.623999999999995,-100.0,hour,,0.0,20,2.0
calendar_hour_lbexpanding_thr0p0_min50_lev2p0,False,-100.0,-99.99985120306818,-99.999721915106,-99.99999514377323,-99.84596593294263,-99.99999514377323,41,-88.54638528348165,233,12697,50624.0,50.623999999999995,-100.0,hour,,0.0,50,2.0
calendar_hour_lb12_thr0p0_min20_lev2p0,False,-100.0,-99.99999928708381,-99.99996703270845,-99.99999870258009,-99.9290047185811,-99.99999928708381,41,-89.50417113707336,242,15085,60176.0,60.176,-100.0,hour,12.0,0.0,20,2.0
calendar_hour_lb12_thr0p0_min50_lev2p0,False,-100.0,-99.99999928708381,-99.99996703270845,-99.99999870258009,-99.9290047185811,-99.99999928708381,41,-89.50417113707336,242,15085,60176.0,60.176,-100.0,hour,12.0,0.0,50,2.0
calendar_hour_week_lb12_thr0p0_min20_lev2p0,False,-100.0,-99.99999904850279,-99.99999774737907,-99.99999735855123,-99.93433100359923,-99.99999904850279,41,-90.52184854408475,314,15110,60276.0,60.276,-100.0,hour_week,12.0,0.0,20,2.0
calendar_hour_week_lb12_thr0p0_min50_lev2p0,False,-100.0,-99.99999904850279,-99.99999774737907,-99.99999735855123,-99.93433100359923,-99.99999904850279,41,-90.52184854408475,314,15110,60276.0,60.276,-100.0,hour_week,12.0,0.0,50,2.0
calendar_hour_lb24_thr0p0_min20_lev2p0,False,-100.0,-99.99999999638288,-99.99999472539061,-99.99999919775489,-99.98555538982023,-99.99999999638288,41,-90.8117728610218,301,17146,68420.0,68.42,-100.0,hour,24.0,0.0,20,2.0
calendar_hour_lb24_thr0p0_min50_lev2p0,False,-100.0,-99.99999999638288,-99.99999472539061,-99.99999919775489,-99.98555538982023,-99.99999999638288,41,-90.8117728610218,301,17146,68420.0,68.42,-100.0,hour,24.0,0.0,50,2.0
calendar_hour_week_lbexpanding_thr1p0_min20_lev4p0,False,-100.0,-99.99999999140897,-99.9999998077401,-99.99999777889379,-99.79258184904864,-99.99999999140897,41,-94.05215831846172,296,15994,70936.0,70.936,-100.0,hour_week,,1.0,20,4.0
calendar_hour_week_lbexpanding_thr1p0_min50_lev4p0,False,-100.0,-99.99999999140897,-99.9999998077401,-99.99999777889379,-99.79258184904864,-99.99999999140897,41,-94.05215831846172,296,15994,70936.0,70.936,-100.0,hour_week,,1.0,50,4.0
calendar_hour_lb24_thr0p5_min20_lev4p0,False,-100.0,-99.99999999505397,-99.99999985597472,-99.99999887944836,-99.9789574162762,-99.99999999505397,41,-94.1656431435402,252,16010,70120.0,70.11999999999999,-100.0,hour,24.0,0.5,20,4.0
calendar_hour_lb24_thr0p5_min50_lev4p0,False,-100.0,-99.99999999505397,-99.99999985597472,-99.99999887944836,-99.9789574162762,-99.99999999505397,41,-94.1656431435402,252,16010,70120.0,70.11999999999999,-100.0,hour,24.0,0.5,50,4.0
calendar_hour_week_lb12_thr1p0_min20_lev4p0,False,-100.0,-99.9999999999441,-99.99999999750754,-99.99999999811462,-99.9971858841799,-99.9999999999441,41,-94.6399681916311,365,17975,89520.0,89.52,-100.0,hour_week,12.0,1.0,20,4.0
calendar_hour_week_lb12_thr1p0_min50_lev4p0,False,-100.0,-99.9999999999441,-99.99999999750754,-99.99999999811462,-99.9971858841799,-99.9999999999441,41,-94.6399681916311,365,17975,89520.0,89.52,-100.0,hour_week,12.0,1.0,50,4.0
calendar_hour_week_lb24_thr1p0_min20_lev4p0,False,-100.0,-99.99999999997584,-99.99999998685793,-99.99999986869605,-99.99735855633186,-99.99999999997584,41,-95.13846817594562,337,17201,80512.0,80.512,-100.0,hour_week,24.0,1.0,20,4.0
calendar_hour_week_lb24_thr1p0_min50_lev4p0,False,-100.0,-99.99999999997584,-99.99999998685793,-99.99999986869605,-99.99735855633186,-99.99999999997584,41,-95.13846817594562,337,17201,80512.0,80.512,-100.0,hour_week,24.0,1.0,50,4.0
calendar_hour_lb12_thr1p0_min20_lev4p0,False,-99.99999999999783,-99.99972777112838,-99.96316698747077,-99.906595017764,-97.67138622491242,-99.99972777112838,41,-95.19271866922729,0,6853,29592.0,29.592,-100.0,hour,12.0,1.0,20,4.0
calendar_hour_lb12_thr1p0_min50_lev4p0,False,-99.99999999999783,-99.99972777112838,-99.96316698747077,-99.906595017764,-97.67138622491242,-99.99972777112838,41,-95.19271866922729,0,6853,29592.0,29.592,-100.0,hour,12.0,1.0,50,4.0
calendar_hour_lbexpanding_thr0p5_min20_lev4p0,False,-100.0,-99.99999999994829,-99.99999985521578,-99.99949093666329,-82.18138154701897,-99.99999999994829,41,-96.20501452899929,93,14374,64192.0,64.192,-100.0,hour,,0.5,20,4.0
calendar_hour_lbexpanding_thr0p5_min50_lev4p0,False,-100.0,-99.99999999994829,-99.99999985521578,-99.99949093666329,-82.18138154701897,-99.99999999994829,41,-96.20501452899929,93,14374,64192.0,64.192,-100.0,hour,,0.5,50,4.0
calendar_hour_week_lb24_thr0p5_min20_lev4p0,False,-100.0,-99.99999999999912,-99.99999999999567,-99.9999999997096,-99.99992817844034,-99.99999999999912,41,-96.43757652269564,426,19510,105904.0,105.904,-100.0,hour_week,24.0,0.5,20,4.0
calendar_hour_week_lb24_thr0p5_min50_lev4p0,False,-100.0,-99.99999999999912,-99.99999999999567,-99.9999999997096,-99.99992817844034,-99.99999999999912,41,-96.43757652269564,426,19510,105904.0,105.904,-100.0,hour_week,24.0,0.5,50,4.0
calendar_hour_week_lb12_thr0p5_min20_lev4p0,False,-100.0,-99.9999999999999,-99.9999999999921,-99.99999999999768,-99.99992365705721,-99.9999999999999,41,-97.33992257191926,414,19334,110912.0,110.912,-100.0,hour_week,12.0,0.5,20,4.0
calendar_hour_week_lb12_thr0p5_min50_lev4p0,False,-100.0,-99.9999999999999,-99.9999999999921,-99.99999999999768,-99.99992365705721,-99.9999999999999,41,-97.33992257191926,414,19334,110912.0,110.912,-100.0,hour_week,12.0,0.5,50,4.0
calendar_hour_lb12_thr0p5_min20_lev4p0,False,-100.0,-99.99999999989953,-99.99999999175346,-99.99999997806673,-99.99149994003231,-99.99999999989953,41,-97.34685491819639,224,17500,83464.0,83.46400000000001,-100.0,hour,12.0,0.5,20,4.0
calendar_hour_lb12_thr0p5_min50_lev4p0,False,-100.0,-99.99999999989953,-99.99999999175346,-99.99999997806673,-99.99149994003231,-99.99999999989953,41,-97.34685491819639,224,17500,83464.0,83.46400000000001,-100.0,hour,12.0,0.5,50,4.0
calendar_hour_week_lbexpanding_thr0p5_min20_lev4p0,False,-100.0,-99.99999999998847,-99.99999999997516,-99.99999999964778,-99.99323355462234,-99.99999999998847,41,-97.79312518995631,416,19647,98792.0,98.792,-100.0,hour_week,,0.5,20,4.0
calendar_hour_week_lbexpanding_thr0p5_min50_lev4p0,False,-100.0,-99.99999999998847,-99.99999999997516,-99.99999999964778,-99.99323355462234,-99.99999999998847,41,-97.79312518995631,416,19647,98792.0,98.792,-100.0,hour_week,,0.5,50,4.0
calendar_hour_week_lb24_thr0p0_min20_lev4p0,False,-100.0,-99.99999999999993,-99.99999999999983,-99.9999999999773,-99.99998519537235,-99.99999999999993,41,-98.04867359526244,316,14693,117216.0,117.21599999999998,-100.0,hour_week,24.0,0.0,20,4.0
calendar_hour_week_lb24_thr0p0_min50_lev4p0,False,-100.0,-99.99999999999993,-99.99999999999983,-99.9999999999773,-99.99998519537235,-99.99999999999993,41,-98.04867359526244,316,14693,117216.0,117.21599999999998,-100.0,hour_week,24.0,0.0,50,4.0
calendar_hour_week_lbexpanding_thr0p0_min20_lev4p0,False,-100.0,-99.99999999999993,-99.99999999999821,-99.99999999996912,-99.9993513503,-99.99999999999993,41,-98.20128061899928,282,13773,109856.0,109.85600000000001,-100.0,hour_week,,0.0,20,4.0
calendar_hour_week_lbexpanding_thr0p0_min50_lev4p0,False,-100.0,-99.99999999999993,-99.99999999999821,-99.99999999996912,-99.9993513503,-99.99999999999993,41,-98.20128061899928,282,13773,109856.0,109.85600000000001,-100.0,hour_week,,0.0,50,4.0
calendar_hour_lbexpanding_thr0p0_min20_lev4p0,False,-100.0,-99.9999999997786,-99.99999999922669,-99.99999999999977,-99.99976273506186,-99.99999999999977,41,-98.68814709925554,233,12697,101248.0,101.24799999999999,-100.0,hour,,0.0,20,4.0
calendar_hour_lbexpanding_thr0p0_min50_lev4p0,False,-100.0,-99.9999999997786,-99.99999999922669,-99.99999999999977,-99.99976273506186,-99.99999999999977,41,-98.68814709925554,233,12697,101248.0,101.24799999999999,-100.0,hour,,0.0,50,4.0
calendar_hour_lb12_thr0p0_min20_lev4p0,False,-100.0,-100.0,-99.99999999998913,-99.99999999999997,-99.99994959670016,-100.0,41,-98.89837576480156,242,15085,120352.0,120.352,-100.0,hour,12.0,0.0,20,4.0
calendar_hour_lb12_thr0p0_min50_lev4p0,False,-100.0,-100.0,-99.99999999998913,-99.99999999999997,-99.99994959670016,-100.0,41,-98.89837576480156,242,15085,120352.0,120.352,-100.0,hour,12.0,0.0,50,4.0
calendar_hour_week_lb12_thr0p0_min20_lev4p0,False,-100.0,-99.99999999999999,-99.99999999999994,-99.99999999999993,-99.99995687582913,-99.99999999999999,41,-99.10164644978732,314,15110,120552.0,120.552,-100.0,hour_week,12.0,0.0,20,4.0
calendar_hour_week_lb12_thr0p0_min50_lev4p0,False,-100.0,-99.99999999999999,-99.99999999999994,-99.99999999999993,-99.99995687582913,-99.99999999999999,41,-99.10164644978732,314,15110,120552.0,120.552,-100.0,hour_week,12.0,0.0,50,4.0
calendar_hour_lb24_thr0p0_min20_lev4p0,False,-100.0,-100.0,-99.99999999999972,-99.99999999999999,-99.99999791353237,-100.0,41,-99.15576482042545,301,17146,136840.0,136.84,-100.0,hour,24.0,0.0,20,4.0
calendar_hour_lb24_thr0p0_min50_lev4p0,False,-100.0,-100.0,-99.99999999999972,-99.99999999999999,-99.99999791353237,-100.0,41,-99.15576482042545,301,17146,136840.0,136.84,-100.0,hour,24.0,0.0,50,4.0
