method,order_floor,round_trip_cost,round_trip_cost_pct,monthly_requirement,annual_threshold_pct,scenario_pass,annual_2025_2026_pass,monthly_requirement_pass,order_floor_pass,non_passing_months,non_passing_month_list,month_fail_count,order_fail_count,total_eval_return_pct,return_2023_pct,return_2024_pct,return_2025_pct,return_2026_ytd_pct,min_monthly_return_pct,min_monthly_orders,orders,turnover,cost_log,selected_candidate_count
monthly_oracle,10,0.0,0.0,return_gt_0,100.0,True,True,True,True,0,,0,0,1.199700300703647e+19,2877323.0753276357,84085155.71173474,5564807.213253533,8810.278300956013,52.15599082982614,10,25224,150268.0,0.0,23
strict_expanding_selector,10,0.0,0.0,return_gt_0,100.0,False,False,False,True,17,"2023-07,2023-08,2023-12,2024-01,2024-03,2024-05,2024-12,2025-04,2025-06,2025-07,2025-08,2025-10,2025-11,2026-02,2026-03,2026-04,2026-05",17,0,182.27358987034626,80.53281980694524,252.1027391660268,49.26267659705044,-70.2495559667195,-46.915134741949274,288,14765,57700.0,0.0,2
monthly_oracle,0,0.002,0.2,allow_any,30.0,True,True,True,True,0,,0,0,839500953277.6241,86540.8125100178,159254.79187297256,27024.306152723188,2141.6866848083623,-0.6814171974701355,1,530,3920.0,3.9200000000000004,11
monthly_oracle,0,0.002,0.2,allow_any,50.0,True,True,True,True,0,,0,0,839500953277.6241,86540.8125100178,159254.79187297256,27024.306152723188,2141.6866848083623,-0.6814171974701355,1,530,3920.0,3.9200000000000004,11
monthly_oracle,0,0.002,0.2,allow_any,80.0,True,True,True,True,0,,0,0,839500953277.6241,86540.8125100178,159254.79187297256,27024.306152723188,2141.6866848083623,-0.6814171974701355,1,530,3920.0,3.9200000000000004,11
monthly_oracle,0,0.002,0.2,allow_any,100.0,True,True,True,True,0,,0,0,839500953277.6241,86540.8125100178,159254.79187297256,27024.306152723188,2141.6866848083623,-0.6814171974701355,1,530,3920.0,3.9200000000000004,11
monthly_oracle,0,0.002,0.2,return_ge_minus1,30.0,True,True,True,True,0,,0,0,839500953277.6241,86540.8125100178,159254.79187297256,27024.306152723188,2141.6866848083623,-0.6814171974701355,1,530,3920.0,3.9200000000000004,11
monthly_oracle,0,0.002,0.2,return_ge_minus1,50.0,True,True,True,True,0,,0,0,839500953277.6241,86540.8125100178,159254.79187297256,27024.306152723188,2141.6866848083623,-0.6814171974701355,1,530,3920.0,3.9200000000000004,11
monthly_oracle,0,0.002,0.2,return_ge_minus1,80.0,True,True,True,True,0,,0,0,839500953277.6241,86540.8125100178,159254.79187297256,27024.306152723188,2141.6866848083623,-0.6814171974701355,1,530,3920.0,3.9200000000000004,11
monthly_oracle,0,0.002,0.2,return_ge_minus1,100.0,True,True,True,True,0,,0,0,839500953277.6241,86540.8125100178,159254.79187297256,27024.306152723188,2141.6866848083623,-0.6814171974701355,1,530,3920.0,3.9200000000000004,11
monthly_oracle,0,0.002,0.2,return_ge_minus2,30.0,True,True,True,True,0,,0,0,839500953277.6241,86540.8125100178,159254.79187297256,27024.306152723188,2141.6866848083623,-0.6814171974701355,1,530,3920.0,3.9200000000000004,11
monthly_oracle,0,0.002,0.2,return_ge_minus2,50.0,True,True,True,True,0,,0,0,839500953277.6241,86540.8125100178,159254.79187297256,27024.306152723188,2141.6866848083623,-0.6814171974701355,1,530,3920.0,3.9200000000000004,11
monthly_oracle,0,0.002,0.2,return_ge_minus2,80.0,True,True,True,True,0,,0,0,839500953277.6241,86540.8125100178,159254.79187297256,27024.306152723188,2141.6866848083623,-0.6814171974701355,1,530,3920.0,3.9200000000000004,11
monthly_oracle,0,0.002,0.2,return_ge_minus2,100.0,True,True,True,True,0,,0,0,839500953277.6241,86540.8125100178,159254.79187297256,27024.306152723188,2141.6866848083623,-0.6814171974701355,1,530,3920.0,3.9200000000000004,11
monthly_oracle,0,0.002,0.2,return_gt_0,30.0,False,True,False,True,2,"2023-07,2025-12",2,0,839500953277.6241,86540.8125100178,159254.79187297256,27024.306152723188,2141.6866848083623,-0.6814171974701355,1,530,3920.0,3.9200000000000004,11
monthly_oracle,0,0.002,0.2,return_gt_0,50.0,False,True,False,True,2,"2023-07,2025-12",2,0,839500953277.6241,86540.8125100178,159254.79187297256,27024.306152723188,2141.6866848083623,-0.6814171974701355,1,530,3920.0,3.9200000000000004,11
monthly_oracle,0,0.002,0.2,return_gt_0,80.0,False,True,False,True,2,"2023-07,2025-12",2,0,839500953277.6241,86540.8125100178,159254.79187297256,27024.306152723188,2141.6866848083623,-0.6814171974701355,1,530,3920.0,3.9200000000000004,11
monthly_oracle,0,0.002,0.2,return_gt_0,100.0,False,True,False,True,2,"2023-07,2025-12",2,0,839500953277.6241,86540.8125100178,159254.79187297256,27024.306152723188,2141.6866848083623,-0.6814171974701355,1,530,3920.0,3.9200000000000004,11
monthly_oracle,5,0.002,0.2,allow_any,30.0,True,True,True,True,0,,0,0,96170594619.1585,53902.95330443106,130050.86395530812,6003.835532858575,2141.6866848083623,-0.7651772409883462,5,669,4652.0,4.652000000000001,12
monthly_oracle,5,0.002,0.2,allow_any,50.0,True,True,True,True,0,,0,0,96170594619.1585,53902.95330443106,130050.86395530812,6003.835532858575,2141.6866848083623,-0.7651772409883462,5,669,4652.0,4.652000000000001,12
monthly_oracle,5,0.002,0.2,allow_any,80.0,True,True,True,True,0,,0,0,96170594619.1585,53902.95330443106,130050.86395530812,6003.835532858575,2141.6866848083623,-0.7651772409883462,5,669,4652.0,4.652000000000001,12
monthly_oracle,5,0.002,0.2,allow_any,100.0,True,True,True,True,0,,0,0,96170594619.1585,53902.95330443106,130050.86395530812,6003.835532858575,2141.6866848083623,-0.7651772409883462,5,669,4652.0,4.652000000000001,12
monthly_oracle,5,0.002,0.2,return_ge_minus1,30.0,True,True,True,True,0,,0,0,96170594619.1585,53902.95330443106,130050.86395530812,6003.835532858575,2141.6866848083623,-0.7651772409883462,5,669,4652.0,4.652000000000001,12
monthly_oracle,5,0.002,0.2,return_ge_minus1,50.0,True,True,True,True,0,,0,0,96170594619.1585,53902.95330443106,130050.86395530812,6003.835532858575,2141.6866848083623,-0.7651772409883462,5,669,4652.0,4.652000000000001,12
monthly_oracle,5,0.002,0.2,return_ge_minus1,80.0,True,True,True,True,0,,0,0,96170594619.1585,53902.95330443106,130050.86395530812,6003.835532858575,2141.6866848083623,-0.7651772409883462,5,669,4652.0,4.652000000000001,12
monthly_oracle,5,0.002,0.2,return_ge_minus1,100.0,True,True,True,True,0,,0,0,96170594619.1585,53902.95330443106,130050.86395530812,6003.835532858575,2141.6866848083623,-0.7651772409883462,5,669,4652.0,4.652000000000001,12
monthly_oracle,5,0.002,0.2,return_ge_minus2,30.0,True,True,True,True,0,,0,0,96170594619.1585,53902.95330443106,130050.86395530812,6003.835532858575,2141.6866848083623,-0.7651772409883462,5,669,4652.0,4.652000000000001,12
monthly_oracle,5,0.002,0.2,return_ge_minus2,50.0,True,True,True,True,0,,0,0,96170594619.1585,53902.95330443106,130050.86395530812,6003.835532858575,2141.6866848083623,-0.7651772409883462,5,669,4652.0,4.652000000000001,12
monthly_oracle,5,0.002,0.2,return_ge_minus2,80.0,True,True,True,True,0,,0,0,96170594619.1585,53902.95330443106,130050.86395530812,6003.835532858575,2141.6866848083623,-0.7651772409883462,5,669,4652.0,4.652000000000001,12
monthly_oracle,5,0.002,0.2,return_ge_minus2,100.0,True,True,True,True,0,,0,0,96170594619.1585,53902.95330443106,130050.86395530812,6003.835532858575,2141.6866848083623,-0.7651772409883462,5,669,4652.0,4.652000000000001,12
monthly_oracle,5,0.002,0.2,return_gt_0,30.0,False,True,False,False,1,2023-07,1,1,96251768273.47528,53948.53498224468,130050.86395530812,6003.835532858575,2141.6866848083623,-0.6814171974701355,1,635,4616.0,4.6160000000000005,12
monthly_oracle,5,0.002,0.2,return_gt_0,50.0,False,True,False,False,1,2023-07,1,1,96251768273.47528,53948.53498224468,130050.86395530812,6003.835532858575,2141.6866848083623,-0.6814171974701355,1,635,4616.0,4.6160000000000005,12
monthly_oracle,5,0.002,0.2,return_gt_0,80.0,False,True,False,False,1,2023-07,1,1,96251768273.47528,53948.53498224468,130050.86395530812,6003.835532858575,2141.6866848083623,-0.6814171974701355,1,635,4616.0,4.6160000000000005,12
monthly_oracle,5,0.002,0.2,return_gt_0,100.0,False,True,False,False,1,2023-07,1,1,96251768273.47528,53948.53498224468,130050.86395530812,6003.835532858575,2141.6866848083623,-0.6814171974701355,1,635,4616.0,4.6160000000000005,12
monthly_oracle,10,0.002,0.2,allow_any,30.0,True,True,True,True,0,,0,0,19148426023.083294,34913.82185178022,84729.00493350062,4123.170958710208,1426.5482322829644,-0.9375433791891985,10,948,5826.0,5.8260000000000005,17
monthly_oracle,10,0.002,0.2,allow_any,50.0,True,True,True,True,0,,0,0,19148426023.083294,34913.82185178022,84729.00493350062,4123.170958710208,1426.5482322829644,-0.9375433791891985,10,948,5826.0,5.8260000000000005,17
monthly_oracle,10,0.002,0.2,allow_any,80.0,True,True,True,True,0,,0,0,19148426023.083294,34913.82185178022,84729.00493350062,4123.170958710208,1426.5482322829644,-0.9375433791891985,10,948,5826.0,5.8260000000000005,17
monthly_oracle,10,0.002,0.2,allow_any,100.0,True,True,True,True,0,,0,0,19148426023.083294,34913.82185178022,84729.00493350062,4123.170958710208,1426.5482322829644,-0.9375433791891985,10,948,5826.0,5.8260000000000005,17
monthly_oracle,10,0.002,0.2,return_ge_minus1,30.0,True,True,True,True,0,,0,0,19148426023.083294,34913.82185178022,84729.00493350062,4123.170958710208,1426.5482322829644,-0.9375433791891985,10,948,5826.0,5.8260000000000005,17
monthly_oracle,10,0.002,0.2,return_ge_minus1,50.0,True,True,True,True,0,,0,0,19148426023.083294,34913.82185178022,84729.00493350062,4123.170958710208,1426.5482322829644,-0.9375433791891985,10,948,5826.0,5.8260000000000005,17
monthly_oracle,10,0.002,0.2,return_ge_minus1,80.0,True,True,True,True,0,,0,0,19148426023.083294,34913.82185178022,84729.00493350062,4123.170958710208,1426.5482322829644,-0.9375433791891985,10,948,5826.0,5.8260000000000005,17
monthly_oracle,10,0.002,0.2,return_ge_minus1,100.0,True,True,True,True,0,,0,0,19148426023.083294,34913.82185178022,84729.00493350062,4123.170958710208,1426.5482322829644,-0.9375433791891985,10,948,5826.0,5.8260000000000005,17
monthly_oracle,10,0.002,0.2,return_ge_minus2,30.0,True,True,True,True,0,,0,0,19148426023.083294,34913.82185178022,84729.00493350062,4123.170958710208,1426.5482322829644,-0.9375433791891985,10,948,5826.0,5.8260000000000005,17
monthly_oracle,10,0.002,0.2,return_ge_minus2,50.0,True,True,True,True,0,,0,0,19148426023.083294,34913.82185178022,84729.00493350062,4123.170958710208,1426.5482322829644,-0.9375433791891985,10,948,5826.0,5.8260000000000005,17
monthly_oracle,10,0.002,0.2,return_ge_minus2,80.0,True,True,True,True,0,,0,0,19148426023.083294,34913.82185178022,84729.00493350062,4123.170958710208,1426.5482322829644,-0.9375433791891985,10,948,5826.0,5.8260000000000005,17
monthly_oracle,10,0.002,0.2,return_ge_minus2,100.0,True,True,True,True,0,,0,0,19148426023.083294,34913.82185178022,84729.00493350062,4123.170958710208,1426.5482322829644,-0.9375433791891985,10,948,5826.0,5.8260000000000005,17
monthly_oracle,10,0.002,0.2,return_gt_0,30.0,False,True,False,False,2,"2023-07,2024-06",1,2,23373865969.466232,34943.37558262292,103360.70293254641,4123.170958710208,1426.5482322829644,0.0,0,899,5824.0,5.824000000000001,17
monthly_oracle,10,0.002,0.2,return_gt_0,50.0,False,True,False,False,2,"2023-07,2024-06",1,2,23373865969.466232,34943.37558262292,103360.70293254641,4123.170958710208,1426.5482322829644,0.0,0,899,5824.0,5.824000000000001,17
monthly_oracle,10,0.002,0.2,return_gt_0,80.0,False,True,False,False,2,"2023-07,2024-06",1,2,23373865969.466232,34943.37558262292,103360.70293254641,4123.170958710208,1426.5482322829644,0.0,0,899,5824.0,5.824000000000001,17
monthly_oracle,10,0.002,0.2,return_gt_0,100.0,False,True,False,False,2,"2023-07,2024-06",1,2,23373865969.466232,34943.37558262292,103360.70293254641,4123.170958710208,1426.5482322829644,0.0,0,899,5824.0,5.824000000000001,17
strict_expanding_selector,0,0.002,0.2,allow_any,30.0,False,False,True,True,0,,0,0,-87.16947700402878,-5.128811274638556,-36.39099286996601,-79.52287317795042,3.829886752443623,-44.27322317707676,3,814,1550.0,1.5500000000000003,3
strict_expanding_selector,0,0.002,0.2,allow_any,50.0,False,False,True,True,0,,0,0,-83.20561872524436,24.180667923148256,-36.39099286996601,-79.52287317795042,3.829886752443623,-44.27322317707676,3,654,1390.0,1.3900000000000001,3
strict_expanding_selector,0,0.002,0.2,allow_any,80.0,False,False,True,True,0,,0,0,-98.35377679649854,-9.994575498368496,-59.53894211931284,-95.80687277113698,7.806453830252669,-68.94526344928104,3,814,3100.0,3.1000000000000005,3
strict_expanding_selector,0,0.002,0.2,allow_any,100.0,False,False,True,True,0,,0,0,-98.35377679649854,-9.994575498368496,-59.53894211931284,-95.80687277113698,7.806453830252669,-68.94526344928104,3,814,3100.0,3.1000000000000005,3
strict_expanding_selector,0,0.002,0.2,return_ge_minus1,30.0,False,False,True,True,0,,0,0,0.0,0.0,0.0,0.0,0.0,0.0,0,0,0.0,0.0,1
strict_expanding_selector,0,0.002,0.2,return_ge_minus1,50.0,False,False,True,True,0,,0,0,0.0,0.0,0.0,0.0,0.0,0.0,0,0,0.0,0.0,1
strict_expanding_selector,0,0.002,0.2,return_ge_minus1,80.0,False,False,True,True,0,,0,0,0.0,0.0,0.0,0.0,0.0,0.0,0,0,0.0,0.0,1
strict_expanding_selector,0,0.002,0.2,return_ge_minus1,100.0,False,False,True,True,0,,0,0,0.0,0.0,0.0,0.0,0.0,0.0,0,0,0.0,0.0,1
strict_expanding_selector,0,0.002,0.2,return_ge_minus2,30.0,False,False,True,True,0,,0,0,0.0,0.0,0.0,0.0,0.0,0.0,0,0,0.0,0.0,1
strict_expanding_selector,0,0.002,0.2,return_ge_minus2,50.0,False,False,True,True,0,,0,0,0.0,0.0,0.0,0.0,0.0,0.0,0,0,0.0,0.0,1
strict_expanding_selector,0,0.002,0.2,return_ge_minus2,80.0,False,False,True,True,0,,0,0,0.0,0.0,0.0,0.0,0.0,0.0,0,0,0.0,0.0,1
strict_expanding_selector,0,0.002,0.2,return_ge_minus2,100.0,False,False,True,True,0,,0,0,0.0,0.0,0.0,0.0,0.0,0.0,0,0,0.0,0.0,1
strict_expanding_selector,0,0.002,0.2,return_gt_0,30.0,False,False,False,True,22,"2023-02,2023-05,2023-07,2023-08,2023-09,2023-11,2024-01,2024-05,2024-07,2024-12,2025-01,2025-02,2025-03,2025-04,2025-05,2025-06,2025-07,2025-08,2025-09,2025-12,2026-04,2026-05",22,0,-53.039496936092,23.044839527490435,78.83212559584504,-79.445760270809,3.829886752443623,-44.27322317707676,3,316,1090.0,1.09,2
strict_expanding_selector,0,0.002,0.2,return_gt_0,50.0,False,False,False,True,22,"2023-02,2023-05,2023-07,2023-08,2023-09,2023-11,2024-01,2024-05,2024-07,2024-12,2025-01,2025-02,2025-03,2025-04,2025-05,2025-06,2025-07,2025-08,2025-09,2025-12,2026-04,2026-05",22,0,-53.039496936092,23.044839527490435,78.83212559584504,-79.445760270809,3.829886752443623,-44.27322317707676,3,316,1090.0,1.09,2
strict_expanding_selector,0,0.002,0.2,return_gt_0,80.0,False,False,False,True,22,"2023-02,2023-05,2023-07,2023-08,2023-09,2023-11,2024-01,2024-05,2024-07,2024-12,2025-01,2025-02,2025-03,2025-04,2025-05,2025-06,2025-07,2025-08,2025-09,2025-12,2026-04,2026-05",22,0,-82.00281373254529,23.044839527490435,221.13941482348213,-95.77523229154947,7.806453830252669,-68.94526344928104,3,316,2012.0,2.012,2
strict_expanding_selector,0,0.002,0.2,return_gt_0,100.0,False,False,False,True,22,"2023-02,2023-05,2023-07,2023-08,2023-09,2023-11,2024-01,2024-05,2024-07,2024-12,2025-01,2025-02,2025-03,2025-04,2025-05,2025-06,2025-07,2025-08,2025-09,2025-12,2026-04,2026-05",22,0,-82.00281373254529,23.044839527490435,221.13941482348213,-95.77523229154947,7.806453830252669,-68.94526344928104,3,316,2012.0,2.012,2
strict_expanding_selector,5,0.002,0.2,allow_any,30.0,False,False,True,True,0,,0,0,-70.55548454026702,-5.128811274638556,-18.406615788953296,-49.40491860305303,-24.81922051985679,-17.01121500806867,13,1446,1446.0,1.446,1
strict_expanding_selector,5,0.002,0.2,allow_any,50.0,False,False,True,False,1,2023-07,0,1,-75.46759521981546,0.9993852702170125,-22.42640943180032,-58.912822067826866,-23.79189107410746,-25.805413412406896,4,1692,1692.0,1.692,2
strict_expanding_selector,5,0.002,0.2,allow_any,80.0,False,False,True,True,0,,0,0,-91.33020509341546,-9.994575498368496,-33.42519652988513,-74.4013773843631,-43.478503967580785,-31.128615655629932,13,1446,2892.0,2.892,1
strict_expanding_selector,5,0.002,0.2,allow_any,100.0,False,False,True,True,0,,0,0,-91.33020509341546,-9.994575498368496,-33.42519652988513,-74.4013773843631,-43.478503967580785,-31.128615655629932,13,1446,2892.0,2.892,1
strict_expanding_selector,5,0.002,0.2,return_ge_minus1,30.0,False,False,True,False,41,"2023-01,2023-02,2023-03,2023-04,2023-05,2023-06,2023-07,2023-08,2023-09,2023-10,2023-11,2023-12,2024-01,2024-02,2024-03,2024-04,2024-05,2024-06,2024-07,2024-08,2024-09,2024-10,2024-11,2024-12,2025-01,2025-02,2025-03,2025-04,2025-05,2025-06,2025-07,2025-08,2025-09,2025-10,2025-11,2025-12,2026-01,2026-02,2026-03,2026-04,2026-05",0,41,0.0,0.0,0.0,0.0,0.0,0.0,0,0,0.0,0.0,1
strict_expanding_selector,5,0.002,0.2,return_ge_minus1,50.0,False,False,True,False,41,"2023-01,2023-02,2023-03,2023-04,2023-05,2023-06,2023-07,2023-08,2023-09,2023-10,2023-11,2023-12,2024-01,2024-02,2024-03,2024-04,2024-05,2024-06,2024-07,2024-08,2024-09,2024-10,2024-11,2024-12,2025-01,2025-02,2025-03,2025-04,2025-05,2025-06,2025-07,2025-08,2025-09,2025-10,2025-11,2025-12,2026-01,2026-02,2026-03,2026-04,2026-05",0,41,0.0,0.0,0.0,0.0,0.0,0.0,0,0,0.0,0.0,1
strict_expanding_selector,5,0.002,0.2,return_ge_minus1,80.0,False,False,True,False,41,"2023-01,2023-02,2023-03,2023-04,2023-05,2023-06,2023-07,2023-08,2023-09,2023-10,2023-11,2023-12,2024-01,2024-02,2024-03,2024-04,2024-05,2024-06,2024-07,2024-08,2024-09,2024-10,2024-11,2024-12,2025-01,2025-02,2025-03,2025-04,2025-05,2025-06,2025-07,2025-08,2025-09,2025-10,2025-11,2025-12,2026-01,2026-02,2026-03,2026-04,2026-05",0,41,0.0,0.0,0.0,0.0,0.0,0.0,0,0,0.0,0.0,1
strict_expanding_selector,5,0.002,0.2,return_ge_minus1,100.0,False,False,True,False,41,"2023-01,2023-02,2023-03,2023-04,2023-05,2023-06,2023-07,2023-08,2023-09,2023-10,2023-11,2023-12,2024-01,2024-02,2024-03,2024-04,2024-05,2024-06,2024-07,2024-08,2024-09,2024-10,2024-11,2024-12,2025-01,2025-02,2025-03,2025-04,2025-05,2025-06,2025-07,2025-08,2025-09,2025-10,2025-11,2025-12,2026-01,2026-02,2026-03,2026-04,2026-05",0,41,0.0,0.0,0.0,0.0,0.0,0.0,0,0,0.0,0.0,1
strict_expanding_selector,5,0.002,0.2,return_ge_minus2,30.0,False,False,True,False,41,"2023-01,2023-02,2023-03,2023-04,2023-05,2023-06,2023-07,2023-08,2023-09,2023-10,2023-11,2023-12,2024-01,2024-02,2024-03,2024-04,2024-05,2024-06,2024-07,2024-08,2024-09,2024-10,2024-11,2024-12,2025-01,2025-02,2025-03,2025-04,2025-05,2025-06,2025-07,2025-08,2025-09,2025-10,2025-11,2025-12,2026-01,2026-02,2026-03,2026-04,2026-05",0,41,0.0,0.0,0.0,0.0,0.0,0.0,0,0,0.0,0.0,1
strict_expanding_selector,5,0.002,0.2,return_ge_minus2,50.0,False,False,True,False,41,"2023-01,2023-02,2023-03,2023-04,2023-05,2023-06,2023-07,2023-08,2023-09,2023-10,2023-11,2023-12,2024-01,2024-02,2024-03,2024-04,2024-05,2024-06,2024-07,2024-08,2024-09,2024-10,2024-11,2024-12,2025-01,2025-02,2025-03,2025-04,2025-05,2025-06,2025-07,2025-08,2025-09,2025-10,2025-11,2025-12,2026-01,2026-02,2026-03,2026-04,2026-05",0,41,0.0,0.0,0.0,0.0,0.0,0.0,0,0,0.0,0.0,1
strict_expanding_selector,5,0.002,0.2,return_ge_minus2,80.0,False,False,True,False,41,"2023-01,2023-02,2023-03,2023-04,2023-05,2023-06,2023-07,2023-08,2023-09,2023-10,2023-11,2023-12,2024-01,2024-02,2024-03,2024-04,2024-05,2024-06,2024-07,2024-08,2024-09,2024-10,2024-11,2024-12,2025-01,2025-02,2025-03,2025-04,2025-05,2025-06,2025-07,2025-08,2025-09,2025-10,2025-11,2025-12,2026-01,2026-02,2026-03,2026-04,2026-05",0,41,0.0,0.0,0.0,0.0,0.0,0.0,0,0,0.0,0.0,1
strict_expanding_selector,5,0.002,0.2,return_ge_minus2,100.0,False,False,True,False,41,"2023-01,2023-02,2023-03,2023-04,2023-05,2023-06,2023-07,2023-08,2023-09,2023-10,2023-11,2023-12,2024-01,2024-02,2024-03,2024-04,2024-05,2024-06,2024-07,2024-08,2024-09,2024-10,2024-11,2024-12,2025-01,2025-02,2025-03,2025-04,2025-05,2025-06,2025-07,2025-08,2025-09,2025-10,2025-11,2025-12,2026-01,2026-02,2026-03,2026-04,2026-05",0,41,0.0,0.0,0.0,0.0,0.0,0.0,0,0,0.0,0.0,1
strict_expanding_selector,5,0.002,0.2,return_gt_0,30.0,False,False,False,False,28,"2023-02,2023-03,2023-04,2023-05,2023-07,2023-08,2023-09,2023-10,2023-11,2024-01,2024-03,2024-05,2024-07,2024-12,2025-01,2025-02,2025-03,2025-04,2025-05,2025-06,2025-07,2025-08,2025-09,2025-10,2025-11,2025-12,2026-04,2026-05",22,7,-53.039496936092,23.044839527490435,78.83212559584504,-79.445760270809,3.829886752443623,-44.27322317707676,3,316,1090.0,1.09,2
strict_expanding_selector,5,0.002,0.2,return_gt_0,50.0,False,False,False,False,28,"2023-02,2023-03,2023-04,2023-05,2023-07,2023-08,2023-09,2023-10,2023-11,2024-01,2024-03,2024-05,2024-07,2024-12,2025-01,2025-02,2025-03,2025-04,2025-05,2025-06,2025-07,2025-08,2025-09,2025-10,2025-11,2025-12,2026-04,2026-05",22,7,-53.039496936092,23.044839527490435,78.83212559584504,-79.445760270809,3.829886752443623,-44.27322317707676,3,316,1090.0,1.09,2
strict_expanding_selector,5,0.002,0.2,return_gt_0,80.0,False,False,False,False,28,"2023-02,2023-03,2023-04,2023-05,2023-07,2023-08,2023-09,2023-10,2023-11,2024-01,2024-03,2024-05,2024-07,2024-12,2025-01,2025-02,2025-03,2025-04,2025-05,2025-06,2025-07,2025-08,2025-09,2025-10,2025-11,2025-12,2026-04,2026-05",22,7,-82.00281373254529,23.044839527490435,221.13941482348213,-95.77523229154947,7.806453830252669,-68.94526344928104,3,316,2012.0,2.012,2
strict_expanding_selector,5,0.002,0.2,return_gt_0,100.0,False,False,False,False,28,"2023-02,2023-03,2023-04,2023-05,2023-07,2023-08,2023-09,2023-10,2023-11,2024-01,2024-03,2024-05,2024-07,2024-12,2025-01,2025-02,2025-03,2025-04,2025-05,2025-06,2025-07,2025-08,2025-09,2025-10,2025-11,2025-12,2026-04,2026-05",22,7,-82.00281373254529,23.044839527490435,221.13941482348213,-95.77523229154947,7.806453830252669,-68.94526344928104,3,316,2012.0,2.012,2
strict_expanding_selector,10,0.002,0.2,allow_any,30.0,False,False,True,True,0,,0,0,-70.55548454026702,-5.128811274638556,-18.406615788953296,-49.40491860305303,-24.81922051985679,-17.01121500806867,13,1446,1446.0,1.446,1
strict_expanding_selector,10,0.002,0.2,allow_any,50.0,False,False,True,True,0,,0,0,-79.69832230316104,-16.418427557048155,-22.42640943180032,-58.912822067826866,-23.79189107410746,-25.805413412406896,17,1862,1862.0,1.8619999999999999,1
strict_expanding_selector,10,0.002,0.2,allow_any,80.0,False,False,True,True,0,,0,0,-91.33020509341546,-9.994575498368496,-33.42519652988513,-74.4013773843631,-43.478503967580785,-31.128615655629932,13,1446,2892.0,2.892,1
strict_expanding_selector,10,0.002,0.2,allow_any,100.0,False,False,True,True,0,,0,0,-91.33020509341546,-9.994575498368496,-33.42519652988513,-74.4013773843631,-43.478503967580785,-31.128615655629932,13,1446,2892.0,2.892,1
strict_expanding_selector,10,0.002,0.2,return_ge_minus1,30.0,False,False,True,False,41,"2023-01,2023-02,2023-03,2023-04,2023-05,2023-06,2023-07,2023-08,2023-09,2023-10,2023-11,2023-12,2024-01,2024-02,2024-03,2024-04,2024-05,2024-06,2024-07,2024-08,2024-09,2024-10,2024-11,2024-12,2025-01,2025-02,2025-03,2025-04,2025-05,2025-06,2025-07,2025-08,2025-09,2025-10,2025-11,2025-12,2026-01,2026-02,2026-03,2026-04,2026-05",0,41,0.0,0.0,0.0,0.0,0.0,0.0,0,0,0.0,0.0,1
strict_expanding_selector,10,0.002,0.2,return_ge_minus1,50.0,False,False,True,False,41,"2023-01,2023-02,2023-03,2023-04,2023-05,2023-06,2023-07,2023-08,2023-09,2023-10,2023-11,2023-12,2024-01,2024-02,2024-03,2024-04,2024-05,2024-06,2024-07,2024-08,2024-09,2024-10,2024-11,2024-12,2025-01,2025-02,2025-03,2025-04,2025-05,2025-06,2025-07,2025-08,2025-09,2025-10,2025-11,2025-12,2026-01,2026-02,2026-03,2026-04,2026-05",0,41,0.0,0.0,0.0,0.0,0.0,0.0,0,0,0.0,0.0,1
strict_expanding_selector,10,0.002,0.2,return_ge_minus1,80.0,False,False,True,False,41,"2023-01,2023-02,2023-03,2023-04,2023-05,2023-06,2023-07,2023-08,2023-09,2023-10,2023-11,2023-12,2024-01,2024-02,2024-03,2024-04,2024-05,2024-06,2024-07,2024-08,2024-09,2024-10,2024-11,2024-12,2025-01,2025-02,2025-03,2025-04,2025-05,2025-06,2025-07,2025-08,2025-09,2025-10,2025-11,2025-12,2026-01,2026-02,2026-03,2026-04,2026-05",0,41,0.0,0.0,0.0,0.0,0.0,0.0,0,0,0.0,0.0,1
strict_expanding_selector,10,0.002,0.2,return_ge_minus1,100.0,False,False,True,False,41,"2023-01,2023-02,2023-03,2023-04,2023-05,2023-06,2023-07,2023-08,2023-09,2023-10,2023-11,2023-12,2024-01,2024-02,2024-03,2024-04,2024-05,2024-06,2024-07,2024-08,2024-09,2024-10,2024-11,2024-12,2025-01,2025-02,2025-03,2025-04,2025-05,2025-06,2025-07,2025-08,2025-09,2025-10,2025-11,2025-12,2026-01,2026-02,2026-03,2026-04,2026-05",0,41,0.0,0.0,0.0,0.0,0.0,0.0,0,0,0.0,0.0,1
strict_expanding_selector,10,0.002,0.2,return_ge_minus2,30.0,False,False,True,False,41,"2023-01,2023-02,2023-03,2023-04,2023-05,2023-06,2023-07,2023-08,2023-09,2023-10,2023-11,2023-12,2024-01,2024-02,2024-03,2024-04,2024-05,2024-06,2024-07,2024-08,2024-09,2024-10,2024-11,2024-12,2025-01,2025-02,2025-03,2025-04,2025-05,2025-06,2025-07,2025-08,2025-09,2025-10,2025-11,2025-12,2026-01,2026-02,2026-03,2026-04,2026-05",0,41,0.0,0.0,0.0,0.0,0.0,0.0,0,0,0.0,0.0,1
strict_expanding_selector,10,0.002,0.2,return_ge_minus2,50.0,False,False,True,False,41,"2023-01,2023-02,2023-03,2023-04,2023-05,2023-06,2023-07,2023-08,2023-09,2023-10,2023-11,2023-12,2024-01,2024-02,2024-03,2024-04,2024-05,2024-06,2024-07,2024-08,2024-09,2024-10,2024-11,2024-12,2025-01,2025-02,2025-03,2025-04,2025-05,2025-06,2025-07,2025-08,2025-09,2025-10,2025-11,2025-12,2026-01,2026-02,2026-03,2026-04,2026-05",0,41,0.0,0.0,0.0,0.0,0.0,0.0,0,0,0.0,0.0,1
strict_expanding_selector,10,0.002,0.2,return_ge_minus2,80.0,False,False,True,False,41,"2023-01,2023-02,2023-03,2023-04,2023-05,2023-06,2023-07,2023-08,2023-09,2023-10,2023-11,2023-12,2024-01,2024-02,2024-03,2024-04,2024-05,2024-06,2024-07,2024-08,2024-09,2024-10,2024-11,2024-12,2025-01,2025-02,2025-03,2025-04,2025-05,2025-06,2025-07,2025-08,2025-09,2025-10,2025-11,2025-12,2026-01,2026-02,2026-03,2026-04,2026-05",0,41,0.0,0.0,0.0,0.0,0.0,0.0,0,0,0.0,0.0,1
strict_expanding_selector,10,0.002,0.2,return_ge_minus2,100.0,False,False,True,False,41,"2023-01,2023-02,2023-03,2023-04,2023-05,2023-06,2023-07,2023-08,2023-09,2023-10,2023-11,2023-12,2024-01,2024-02,2024-03,2024-04,2024-05,2024-06,2024-07,2024-08,2024-09,2024-10,2024-11,2024-12,2025-01,2025-02,2025-03,2025-04,2025-05,2025-06,2025-07,2025-08,2025-09,2025-10,2025-11,2025-12,2026-01,2026-02,2026-03,2026-04,2026-05",0,41,0.0,0.0,0.0,0.0,0.0,0.0,0,0,0.0,0.0,1
strict_expanding_selector,10,0.002,0.2,return_gt_0,30.0,False,False,False,False,41,"2023-01,2023-02,2023-03,2023-04,2023-05,2023-06,2023-07,2023-08,2023-09,2023-10,2023-11,2023-12,2024-01,2024-02,2024-03,2024-04,2024-05,2024-06,2024-07,2024-08,2024-09,2024-10,2024-11,2024-12,2025-01,2025-02,2025-03,2025-04,2025-05,2025-06,2025-07,2025-08,2025-09,2025-10,2025-11,2025-12,2026-01,2026-02,2026-03,2026-04,2026-05",22,27,-53.039496936092,23.044839527490435,78.83212559584504,-79.445760270809,3.829886752443623,-44.27322317707676,3,316,1090.0,1.09,2
strict_expanding_selector,10,0.002,0.2,return_gt_0,50.0,False,False,False,False,41,"2023-01,2023-02,2023-03,2023-04,2023-05,2023-06,2023-07,2023-08,2023-09,2023-10,2023-11,2023-12,2024-01,2024-02,2024-03,2024-04,2024-05,2024-06,2024-07,2024-08,2024-09,2024-10,2024-11,2024-12,2025-01,2025-02,2025-03,2025-04,2025-05,2025-06,2025-07,2025-08,2025-09,2025-10,2025-11,2025-12,2026-01,2026-02,2026-03,2026-04,2026-05",22,27,-53.039496936092,23.044839527490435,78.83212559584504,-79.445760270809,3.829886752443623,-44.27322317707676,3,316,1090.0,1.09,2
strict_expanding_selector,10,0.002,0.2,return_gt_0,80.0,False,False,False,False,41,"2023-01,2023-02,2023-03,2023-04,2023-05,2023-06,2023-07,2023-08,2023-09,2023-10,2023-11,2023-12,2024-01,2024-02,2024-03,2024-04,2024-05,2024-06,2024-07,2024-08,2024-09,2024-10,2024-11,2024-12,2025-01,2025-02,2025-03,2025-04,2025-05,2025-06,2025-07,2025-08,2025-09,2025-10,2025-11,2025-12,2026-01,2026-02,2026-03,2026-04,2026-05",22,27,-82.00281373254529,23.044839527490435,221.13941482348213,-95.77523229154947,7.806453830252669,-68.94526344928104,3,316,2012.0,2.012,2
strict_expanding_selector,10,0.002,0.2,return_gt_0,100.0,False,False,False,False,41,"2023-01,2023-02,2023-03,2023-04,2023-05,2023-06,2023-07,2023-08,2023-09,2023-10,2023-11,2023-12,2024-01,2024-02,2024-03,2024-04,2024-05,2024-06,2024-07,2024-08,2024-09,2024-10,2024-11,2024-12,2025-01,2025-02,2025-03,2025-04,2025-05,2025-06,2025-07,2025-08,2025-09,2025-10,2025-11,2025-12,2026-01,2026-02,2026-03,2026-04,2026-05",22,27,-82.00281373254529,23.044839527490435,221.13941482348213,-95.77523229154947,7.806453830252669,-68.94526344928104,3,316,2012.0,2.012,2
