month,log_return,first_equity,last_equity,min_drawdown,turnover,orders,return_pct,drawdown_pct,scenario_id,candidate,cost_per_side,round_trip_cost,extra_delay_bars
2025-01,0.0571229728185399,0.9999000049998333,1.058786004289359,-0.1755076110748066,66.0,12,5.8786004289359095,-17.55076110748066,1F_cost0.0010_delay0,1F,0.001,0.002,0
2025-02,0.1025146992509897,1.0586801309826837,1.1730857522473876,-0.07577983544920897,20.3,13,10.795358787798182,-7.5779835449208965,1F_cost0.0010_delay0,1F,0.001,0.002,0
2025-03,0.34854514671692954,1.172648963878496,1.6622678069252848,-0.28832514363126105,65.9,11,41.7004514581075,-28.832514363126105,1F_cost0.0010_delay0,1F,0.001,0.002,0
2025-04,0.17768113995832296,1.6621015884556543,1.9854864731435484,-0.2940311707059142,80.0,16,19.444439991659614,-29.40311707059142,1F_cost0.0010_delay0,1F,0.001,0.002,0
2025-05,0.16267498321787036,1.9852879344233354,2.3362309880837415,-0.11041711734270554,48.0,12,17.665419517307136,-11.041711734270553,1F_cost0.0010_delay0,1F,0.001,0.002,0
2025-06,0.12022370634822158,2.335997376665699,2.6346824128870976,-0.1815275883768278,48.0,12,12.774910799730277,-18.152758837682782,1F_cost0.0010_delay0,1F,0.001,0.002,0
2025-07,0.08781515310132494,2.6344189578187818,2.8765101370655892,-0.1266719108852319,48.2,14,9.178629006503147,-12.66719108852319,1F_cost0.0010_delay0,1F,0.001,0.002,0
2025-08,0.09101474132181223,2.8762225004339537,3.150598840088801,-0.09124752489812216,32.2,12,9.528515109034807,-9.124752489812217,1F_cost0.0010_delay0,1F,0.001,0.002,0
2025-09,0.043906387178500296,3.1502837959572614,3.292012006267483,-0.2227604026224147,64.0,14,4.488453572042084,-22.27604026224147,1F_cost0.0010_delay0,1F,0.001,0.002,0
2025-10,0.11288325522375074,3.2916828215263676,3.6854114882117925,-0.17782653140380156,51.9,16,11.950122939871921,-17.782653140380155,1F_cost0.0010_delay0,1F,0.001,0.002,0
2025-11,0.20004930992724415,3.6850429654894143,4.501593724443437,-0.10856216691394205,36.2,14,22.146298692623635,-10.856216691394206,1F_cost0.0010_delay0,1F,0.001,0.002,0
2025-12,0.17030175358101537,4.501143587578211,5.337371208158064,-0.1125111849935162,32.2,12,18.56625752733738,-11.25111849935162,1F_cost0.0010_delay0,1F,0.001,0.002,0
2026-01,0.10944515013232718,5.336837497723216,5.954685560300788,-0.2098909446623689,68.3,13,11.565887551519282,-20.989094466236892,1F_cost0.0010_delay0,1F,0.001,0.002,0
2026-02,0.2593753564052713,5.903351424904103,7.717988361779509,-0.2442711463198599,60.1,11,29.612022055949573,-24.42711463198599,1F_cost0.0010_delay0,1F,0.001,0.002,0
2026-03,0.21158692714390342,7.717216601531985,9.536634851752332,-0.292524969522971,36.0,12,23.563737138798956,-29.2524969522971,1F_cost0.0010_delay0,1F,0.001,0.002,0
2026-04,0.18975958475467902,9.53568123594874,11.529399680809554,-0.11229497873015382,36.0,12,20.895891056278117,-11.229497873015381,1F_cost0.0010_delay0,1F,0.001,0.002,0
2026-05,0.13330054833545787,11.528246798486547,13.173415419324387,-0.0950269055650087,32.2,12,14.259335126106066,-9.50269055650087,1F_cost0.0010_delay0,1F,0.001,0.002,0
2026-06,0.37910887719669967,13.172098143647334,19.246124053931137,-0.2113058144879908,54.7,12,46.09820947192284,-21.13058144879908,1F_cost0.0010_delay0,1F,0.001,0.002,0
2025-01,0.12431745339918499,0.9999000049998333,1.1323752903317812,-0.18854483978330894,82.0,14,13.23752903317812,-18.854483978330894,1F_cost0.0010_delay1,1F,0.001,0.002,1
2025-02,0.10346602861442762,1.1322620584644358,1.2558133898074904,-0.048437944298612035,20.3,13,10.900811818274668,-4.8437944298612035,1F_cost0.0010_delay1,1F,0.001,0.002,1
2025-03,0.08617390812485269,1.255345798515792,1.368831409587906,-0.28043515638651717,65.9,11,8.9995870961163,-28.043515638651716,1F_cost0.0010_delay1,1F,0.001,0.002,1
2025-04,0.17131949848505498,1.368694533290876,1.6246247866930956,-0.33512024922925077,80.0,16,18.686989158306776,-33.51202492292508,1F_cost0.0010_delay1,1F,0.001,0.002,1
2025-05,0.1503568088204917,1.6244623323372793,1.8882183215346733,-0.10778356613523032,48.0,12,16.22488694008659,-10.778356613523032,1F_cost0.0010_delay1,1F,0.001,0.002,1
2025-06,0.12809838165353687,1.8880295091432968,2.1462713464253507,-0.17505694019954698,48.0,12,13.6664824161298,-17.5056940199547,1F_cost0.0010_delay1,1F,0.001,0.002,1
2025-07,0.08289339214847252,2.1460567300217073,2.3317649526773927,-0.132303781814484,48.2,14,8.64259808346155,-13.2303781814484,1F_cost0.0010_delay1,1F,0.001,0.002,1
2025-08,0.10048984114791866,2.331531787840561,2.578261442762717,-0.09124752489812216,32.2,12,10.571240887821487,-9.124752489812217,1F_cost0.0010_delay1,1F,0.001,0.002,1
2025-09,0.09739990886053841,2.5780036295093183,2.842020438542629,-0.23341933068377685,64.0,14,10.23011054679095,-23.341933068377685,1F_cost0.0010_delay1,1F,0.001,0.002,1
2025-10,0.09136136760443857,2.8417362507084034,3.113901958645705,-0.13721864802738193,51.9,16,9.566487151742443,-13.721864802738192,1F_cost0.0010_delay1,1F,0.001,0.002,1
2025-11,0.20157316758411012,3.1135905840188314,3.809316422759715,-0.1191364231744082,36.2,14,22.332574157744634,-11.91364231744082,1F_cost0.0010_delay1,1F,0.001,0.002,1
2025-12,0.2552619957350054,3.8089355101633866,4.917064726576066,-0.08459808730000773,28.4,12,29.079976060739664,-8.459808730000773,1F_cost0.0010_delay1,1F,0.001,0.002,1
2026-01,0.09642860426117195,4.916573044687913,5.414823885329534,-0.1564623805940365,44.3,13,10.123095513938441,-15.64623805940365,1F_cost0.0010_delay1,1F,0.001,0.002,1
2026-02,0.2694718804831287,5.368143787839269,7.0894817142666415,-0.23410762015542297,60.1,11,30.927281558949193,-23.410762015542296,1F_cost0.0010_delay1,1F,0.001,0.002,1
2026-03,0.2131902077994121,7.088772801541442,8.774084599120396,-0.2827379319698142,36.0,12,23.762003384023323,-28.273793196981423,1F_cost0.0010_delay1,1F,0.001,0.002,1
2026-04,0.19699978126387338,8.773207234529442,10.68458689612295,-0.10679457809186521,36.0,12,21.774377434132287,-10.679457809186522,1F_cost0.0010_delay1,1F,0.001,0.002,1
2026-05,0.14713415931573098,10.683518490854489,12.378194113122229,-0.09049555405500553,32.2,12,15.85093774298214,-9.049555405500554,1F_cost0.0010_delay1,1F,0.001,0.002,1
2026-06,0.4277106406162521,12.376956355599821,18.984958845004012,-0.22228019941771848,54.7,12,53.37422140502621,-22.228019941771848,1F_cost0.0010_delay1,1F,0.001,0.002,1
2025-01,0.12831941056514096,0.9999000049998333,1.1369160877174733,-0.1936318196414184,82.0,14,13.691608771747333,-19.36318196414184,1F_cost0.0010_delay2,1F,0.001,0.002,2
2025-02,0.10251650768465546,1.1368024017930924,1.2596525364987672,-0.04843794429861181,20.3,13,10.795559154036205,-4.843794429861181,1F_cost0.0010_delay2,1F,0.001,0.002,2
2025-03,0.08365433626759618,1.2591835157338884,1.3695610054573932,-0.22469559962025876,65.9,11,8.725300491524358,-22.469559962025876,1F_cost0.0010_delay2,1F,0.001,0.002,2
2025-04,0.17229572558223694,1.3694240562044242,1.6270783449668726,-0.3344708586754267,80.0,16,18.80291118711257,-33.44708586754267,1F_cost0.0010_delay2,1F,0.001,0.002,2
2025-05,0.1656347200716312,1.6269156452674967,1.9201833958909258,-0.09734292375749565,48.0,12,18.014194081725087,-9.734292375749565,1F_cost0.0010_delay2,1F,0.001,0.002,2
2025-06,0.12724465699395754,1.9199913871519336,2.180742373568641,-0.15037697184766596,48.0,12,13.569483948007012,-15.037697184766596,1F_cost0.0010_delay2,1F,0.001,0.002,2
2025-07,0.07519746976212317,2.1805243102346323,2.3510518574473984,-0.13598517225485007,48.2,14,7.809702142855923,-13.598517225485008,1F_cost0.0010_delay2,1F,0.001,0.002,2
2025-08,0.09627341977250614,2.350816764016521,2.58864933316409,-0.09124752489812216,32.2,12,10.106007443606835,-9.124752489812217,1F_cost0.0010_delay2,1F,0.001,0.002,2
2025-09,0.08558419728724785,2.5883904811735885,2.8199536368656766,-0.09447690116240282,32.2,12,8.935327807372984,-9.447690116240281,1F_cost0.0010_delay2,1F,0.001,0.002,2
2025-10,0.09610520490972485,2.8196716556012884,3.1044161084597697,-0.13994776381862684,51.9,16,10.087487534378958,-13.994776381862684,1F_cost0.0010_delay2,1F,0.001,0.002,2
2025-11,0.2299065351584055,3.1041056823704865,3.906852974473266,-0.10792131646568215,36.2,14,25.848238057610896,-10.792131646568215,1F_cost0.0010_delay2,1F,0.001,0.002,2
2025-12,0.1780924087193412,3.9064623087094326,4.668438244709524,-0.15796637895686827,63.800000000000004,12,19.49357386142583,-15.796637895686827,1F_cost0.0010_delay2,1F,0.001,0.002,2
2026-01,0.08488160096869314,4.667971424226466,5.082006651556102,-0.18244084031906538,68.3,13,8.85881712830312,-18.24408403190654,1F_cost0.0010_delay2,1F,0.001,0.002,2
2026-02,0.29506385811488867,5.0381957038753225,6.826212983899103,-0.22916969494324302,60.1,11,34.321213094219786,-22.916969494324302,1F_cost0.0010_delay2,1F,0.001,0.002,2
2026-03,0.18026776144044904,6.82553039673064,8.174649271536216,-0.2783877565253561,36.0,12,19.753797468928227,-27.83877565253561,1F_cost0.0010_delay2,1F,0.001,0.002,2
2026-04,0.19829694009932813,8.173831847480944,9.967549370391263,-0.12247456709108595,36.0,12,21.9324406381304,-12.247456709108596,1F_cost0.0010_delay2,1F,0.001,0.002,2
2026-05,0.1603613685299851,9.966552665290306,11.701255244783367,-0.08267378187868968,32.2,12,17.393501752217055,-8.267378187868967,1F_cost0.0010_delay2,1F,0.001,0.002,2
2026-06,0.39325507223711714,11.700085177763212,17.338876799950338,-0.2250983492561479,54.7,12,48.17963062279424,-22.50983492561479,1F_cost0.0010_delay2,1F,0.001,0.002,2
2025-01,0.11674839805617503,0.9998500112494375,1.12383663463432,-0.18859451488106949,82.0,14,12.383663463432004,-18.85945148810695,1F_cost0.0015_delay0,1F,0.0015,0.003,0
2025-02,0.09236469925098971,1.123668071781655,1.232584392623217,-0.04980795525636694,20.3,13,9.676473843040533,-4.980795525636694,1F_cost0.0015_delay0,1F,0.0015,0.003,0
2025-03,0.3155951467169295,1.2320330445048895,1.689965718848296,-0.30959999659130844,65.9,11,37.10750590080638,-30.959999659130844,1F_cost0.0015_delay0,1F,0.0015,0.003,0
2025-04,0.13768113995832298,1.6897122430016325,1.9394208236321069,-0.31421025582351103,80.0,16,14.760956509449974,-31.421025582351103,1F_cost0.0015_delay0,1F,0.0015,0.003,0
2025-05,0.16537427221475434,1.9391299323259554,2.2881958215503184,-0.12143090230964593,48.0,12,17.98346154008148,-12.143090230964592,1F_cost0.0015_delay0,1F,0.0015,0.003,0
2025-06,0.0959289756061376,2.2878526179180017,2.518573404262649,-0.1945189390101013,48.0,12,10.068088602497438,-19.45189390101013,1F_cost0.0015_delay0,1F,0.0015,0.003,0
2025-07,0.06986702124890812,2.5181956465845436,2.7008314040930195,-0.13500618663065178,48.2,14,7.236556993808496,-13.500618663065179,1F_cost0.0015_delay0,1F,0.0015,0.003,0
2025-08,0.11020502342586044,2.7004263097652395,3.0154970525587848,-0.14087021312023806,48.0,12,11.650695707584703,-14.087021312023806,1F_cost0.0015_delay0,1F,0.0015,0.003,0
2025-09,0.07920863732721423,3.015044761923546,3.2640648782047825,-0.23891224623353724,64.0,14,8.243013384313436,-23.891224623353725,1F_cost0.0015_delay0,1F,0.0015,0.003,0
2025-10,0.08068004062913926,3.2635753051919454,3.5383246571642455,-0.15253151281888366,51.9,16,8.40239974366883,-15.253151281888366,1F_cost0.0015_delay0,1F,0.0015,0.003,0
2025-11,0.18194930992724415,3.5377939482698326,4.244409326418719,-0.12025182483505881,36.2,14,19.95533868902699,-12.02518248350588,1F_cost0.0015_delay0,1F,0.0015,0.003,0
2025-12,0.15420175358101537,4.243772712766973,4.952063794849998,-0.11698170594311696,32.2,12,16.67262542343839,-11.698170594311696,1F_cost0.0015_delay0,1F,0.0015,0.003,0
2026-01,0.034914282500496774,4.951321040988702,5.128015285692445,-0.23269474858248318,84.1,13,3.5530941872242483,-23.26947485824832,1F_cost0.0015_delay0,1F,0.0015,0.003,0
2026-02,0.22932535640527132,5.0637662743616705,6.449767327159738,-0.25764122342119145,60.1,11,25.775118985216228,-25.764122342119144,1F_cost0.0015_delay0,1F,0.0015,0.003,0
2026-03,0.1935869271439034,6.448799934616918,7.8274045815870705,-0.3078156400259787,36.0,12,21.359487630292474,-30.78156400259787,1F_cost0.0015_delay0,1F,0.0015,0.003,0
2026-04,0.17175958475467903,7.826230558953731,9.29420017711074,-0.14697444624443912,36.0,12,18.739233167710758,-14.69744462444391,1F_cost0.0015_delay0,1F,0.0015,0.003,0
2026-05,0.11720054833545786,9.292806151638697,10.44988649973539,-0.09963051915364851,32.2,12,12.434489257836479,-9.96305191536485,1F_cost0.0015_delay0,1F,0.0015,0.003,0
2026-06,0.3517588771966997,10.448319134315774,14.855200326442215,-0.22467782849948492,54.7,12,42.15657104810071,-22.46778284994849,1F_cost0.0015_delay0,1F,0.0015,0.003,0
2025-01,0.12105384743074059,0.9998500112494375,1.1286856875554239,-0.20142480783091565,82.0,14,12.868568755542388,-20.142480783091564,1F_cost0.0015_delay1,1F,0.0015,0.003,1
2025-02,0.09331602861442763,1.1285163973993697,1.239080876379833,-0.04980795525636683,20.3,13,9.78086193894332,-4.980795525636683,1F_cost0.0015_delay1,1F,0.0015,0.003,1
2025-03,0.32502157993202285,1.2385266223151734,1.7149629141421645,-0.30194587312197596,65.9,11,38.406051359027856,-30.194587312197598,1F_cost0.0015_delay1,1F,0.0015,0.003,1
2025-04,0.13131949848505498,1.7147056889974113,1.9556271883871306,-0.35412486321084136,80.0,16,14.033205748087418,-35.41248632108414,1F_cost0.0015_delay1,1F,0.0015,0.003,1
2025-05,0.12635680882049172,1.9553338663085784,2.21902467393551,-0.12441785163815922,48.0,12,13.468696237835198,-12.441785163815922,1F_cost0.0015_delay1,1F,0.0015,0.003,1
2025-06,0.10409838165353685,2.2186918451971995,2.4624730379203195,-0.18815099736037333,48.0,12,10.97096246131619,-18.815099736037332,1F_cost0.0015_delay1,1F,0.0015,0.003,1
2025-07,0.0649452602960557,2.4621036946660677,2.6277064809076616,-0.14179613654910062,48.2,14,6.710061001394352,-14.179613654910062,1F_cost0.0015_delay1,1F,0.0015,0.003,1
2025-08,0.08438984114791866,2.6273123544957455,2.8590838643915655,-0.09124752489812205,32.2,12,8.80529789628488,-9.124752489812204,1F_cost0.0015_delay1,1F,0.0015,0.003,1
2025-09,0.0788731751705252,2.858655033974992,3.0937205297458394,-0.24934967073320458,64.0,14,8.206708039472122,-24.934967073320458,1F_cost0.0015_delay1,1F,0.0015,0.003,1
2025-10,0.06728680528646683,3.0932565064689928,3.30905029022586,-0.1572801588756919,63.9,16,6.960220175340526,-15.72801588756919,1F_cost0.0015_delay1,1F,0.0015,0.003,1
2025-11,0.18347316758411011,3.30855396990728,3.975435867997566,-0.1251246528107468,36.2,14,20.138272897817664,-12.51246528107468,1F_cost0.0015_delay1,1F,0.0015,0.003,1
2025-12,0.24106199573500542,3.9748395973387836,5.059139401889318,-0.08642706154150814,28.4,12,27.259992863062244,-8.642706154150815,1F_cost0.0015_delay1,1F,0.0015,0.003,1
2026-01,0.0900326271941793,5.058380587891507,5.535760844624584,-0.16910411336212294,68.3,13,9.420998412442994,-16.910411336212295,1F_cost0.0015_delay1,1F,0.0015,0.003,1
2026-02,0.23942188048312868,5.466403180613113,7.033264027347045,-0.2476198885608073,60.1,11,27.051442877569375,-24.76198885608073,1F_cost0.0015_delay1,1F,0.0015,0.003,1
2026-03,0.1951902077994121,7.032209116863206,8.54922901871468,-0.2982401298907229,36.0,12,21.554217010383848,-29.82401298907229,1F_cost0.0015_delay1,1F,0.0015,0.003,1
2026-04,0.17899978126387336,8.547946730535891,10.225053016436055,-0.13378622706668497,36.0,12,19.60204825549672,-13.378622706668498,1F_cost0.0015_delay1,1F,0.0015,0.003,1
2026-05,0.13103415931573098,10.223519373509685,11.656629176619743,-0.09512221870617388,32.2,12,14.000672249645362,-9.512221870617388,1F_cost0.0015_delay1,1F,0.0015,0.003,1
2026-06,0.4003606406162521,11.65488081337377,17.395919841043817,-0.23546614685012068,54.7,12,49.23628072458253,-23.546614685012067,1F_cost0.0015_delay1,1F,0.0015,0.003,1
2025-01,0.037067047532231875,0.9998500112494375,1.0377625979268785,-0.3595988455036684,128.0,16,3.7762597926878527,-35.95988455036684,1F_cost0.0015_delay2,1F,0.0015,0.003,2
2025-02,0.09236650768465546,1.037606945211435,1.1381834825955974,-0.09271548774880911,20.3,13,9.676672185847512,-9.27154877488091,1F_cost0.0015_delay2,1F,0.0015,0.003,2
2025-03,0.32250200807476637,1.1376743610091191,1.5713506926490928,-0.247872598174793,65.9,11,38.05776631599582,-24.787259817479303,1F_cost0.0015_delay2,1F,0.0015,0.003,2
2025-04,0.13229572558223696,1.5711150077220069,1.7936116863072653,-0.3534940345349875,80.0,16,14.144582409129146,-35.34940345349875,1F_cost0.0015_delay2,1F,0.0015,0.003,2
2025-05,0.14163472007163116,1.7933426647314419,2.066519950037438,-0.11330667060901134,48.0,12,15.215571230584635,-11.330667060901135,1F_cost0.0015_delay2,1F,0.0015,0.003,2
2025-06,0.13357677094385376,2.0662099952921196,2.3618442598483975,-0.16386276624718743,48.0,12,14.290900497022019,-16.386276624718743,1F_cost0.0015_delay2,1F,0.0015,0.003,2
2025-07,0.059354626087749794,2.3614900097788394,2.5062745460930618,-0.14396906248790797,48.2,14,6.115148602301779,-14.396906248790797,1F_cost0.0015_delay2,1F,0.0015,0.003,2
2025-08,0.08017341977250614,2.5058986331053266,2.715485681903776,-0.09124752489812227,32.2,12,8.347494736234907,-9.124752489812227,1F_cost0.0015_delay2,1F,0.0015,0.003,2
2025-09,0.07447270074286409,2.7150783895991766,2.9254359914809234,-0.25264563109798077,64.0,14,7.731593319613994,-25.264563109798075,1F_cost0.0015_delay2,1F,0.0015,0.003,2
2025-10,0.08891381058406758,2.9249972089917105,3.1974618943587956,-0.15369346321422772,51.9,16,9.29864484029157,-15.369346321422771,1F_cost0.0015_delay2,1F,0.0015,0.003,2
2025-11,0.2118065351584055,3.196982311044289,3.951771155590602,-0.11961937802667244,36.2,14,23.590875705590776,-11.961937802667244,1F_cost0.0015_delay2,1F,0.0015,0.003,2
2025-12,0.1461924087193412,3.951178434372466,4.573854482122725,-0.17224274308579635,63.800000000000004,12,15.741886410908613,-17.224274308579634,1F_cost0.0015_delay2,1F,0.0015,0.003,2
2026-01,0.08336976647678608,4.573168455403696,4.971522083417757,-0.20025488206668152,68.3,13,8.694364957375722,-20.02548820666815,1F_cost0.0015_delay2,1F,0.0015,0.003,2
2026-02,0.26501385811488865,4.909233778708545,6.480125681996859,-0.24280694137159486,60.1,11,30.344903899974128,-24.280694137159486,1F_cost0.0015_delay2,1F,0.0015,0.003,2
2026-03,0.16226776144044905,6.479153736042328,7.621762689178362,-0.29398397486604766,36.0,12,17.617513350909398,-29.398397486604765,1F_cost0.0015_delay2,1F,0.0015,0.003,2
2026-04,0.18029694009932812,7.620619510515528,9.127616582086054,-0.15675635441272562,36.0,12,19.757291775113384,-15.675635441272561,1F_cost0.0015_delay2,1F,0.0015,0.003,2
2026-05,0.14426136852998508,9.126247542279293,10.54409487381618,-0.08633575791646642,32.2,12,15.518599833719149,-8.633575791646642,1F_cost0.0015_delay2,1F,0.0015,0.003,2
2026-06,0.36590507223711716,10.542513378200244,15.202669658425393,-0.23823651601535878,54.7,12,44.181836756587956,-23.82365160153588,1F_cost0.0015_delay2,1F,0.0015,0.003,2
2025-01,0.05668232498287833,0.9998000199986667,1.0583195553055553,-0.4108475408915079,128.0,16,5.831955530555533,-41.084754089150785,1F_cost0.0020_delay0,1F,0.002,0.004,0
2025-02,0.04979302939260566,1.0581079125594743,1.1123505115348196,-0.09998709484855861,36.1,13,5.105353667367951,-9.998709484855862,1F_cost0.0020_delay0,1F,0.002,0.004,0
2025-03,0.28264514671692953,1.1117695594673704,1.4756823619563237,-0.3435342675580372,65.9,11,32.66343177387307,-34.35342675580372,1F_cost0.0020_delay0,1F,0.002,0.004,0
2025-04,0.15128438546585446,1.4753872549956122,1.7167017909714215,-0.33381255134461785,80.0,16,16.33274444614059,-33.38125513446178,1F_cost0.0020_delay0,1F,0.002,0.004,0
2025-05,0.14137427221475435,1.7163584849449742,1.9773927000303262,-0.13151294401643632,48.0,12,15.185567489353446,-13.151294401643632,1F_cost0.0020_delay0,1F,0.002,0.004,0
2025-06,0.07192897560613759,1.9769972610355377,2.1248647098127806,-0.20756714292070122,48.0,12,7.457902002985661,-20.75671429207012,1F_cost0.0020_delay0,1F,0.002,0.004,0
2025-07,0.1600867751627409,2.124439779365279,2.4937682241069643,-0.14512363588364907,48.2,14,17.36127070069733,-14.512363588364908,1F_cost0.0020_delay0,1F,0.002,0.004,0
2025-08,0.08515655215483742,2.4932695203341826,2.715433099604505,-0.14686312197637552,48.0,12,8.888752104334795,-14.686312197637552,1F_cost0.0020_delay0,1F,0.002,0.004,0
2025-09,0.07190848661204338,2.7148900672896255,2.9178876539342684,-0.2547284378103085,64.0,14,7.455700321221359,-25.472843781030853,1F_cost0.0020_delay0,1F,0.002,0.004,0
2025-10,0.061601903875059656,2.9173041347573445,3.103286937490587,-0.16289165665388372,63.9,16,6.353886973898382,-16.28916566538837,1F_cost0.0020_delay0,1F,0.002,0.004,0
2025-11,0.16384930992724414,3.10266634216469,3.6557861614000546,-0.1258014137981367,36.2,14,17.803678326833648,-12.58014137981367,1F_cost0.0020_delay0,1F,0.002,0.004,0
2025-12,0.13810175358101537,3.655055077278624,4.197180186704493,-0.12146696610525864,32.2,12,14.809236684048832,-12.146696610525865,1F_cost0.0020_delay0,1F,0.002,0.004,0
2026-01,0.10344194822237981,4.19634083460516,4.654594814713567,-0.257676818308304,68.3,13,10.898141315401165,-25.7676818308304,1F_cost0.0020_delay0,1F,0.002,0.004,0
2026-02,0.19927535640527136,4.578157812632113,5.681016740481652,-0.2707747620327905,60.1,11,22.051799708182564,-27.077476203279048,1F_cost0.0020_delay0,1F,0.002,0.004,0
2026-03,0.17558692714390342,5.679880650746316,6.771462887882696,-0.3227758329935816,36.0,12,19.1945596574425,-32.277583299358156,1F_cost0.0020_delay0,1F,0.002,0.004,0
2026-04,0.15375958475467902,6.770108730725349,7.896950973229904,-0.18029911071237514,36.0,12,16.621047829431788,-18.029911071237514,1F_cost0.0020_delay0,1F,0.002,0.004,0
2026-05,0.10110054833545785,7.895371740963749,8.737090858613383,-0.10421071408133042,32.2,12,10.638788163070668,-10.421071408133042,1F_cost0.0020_delay0,1F,0.002,0.004,0
2026-06,0.3881310070474879,8.73534361517183,12.880419468825304,-0.23782312503035208,54.7,12,47.422290522791634,-23.782312503035207,1F_cost0.0020_delay0,1F,0.002,0.004,0
2025-01,0.10604793148304208,0.9998000199986667,1.1118751690551356,-0.4087264826052931,128.0,16,11.187516905513561,-40.87264826052931,1F_cost0.0020_delay1,1F,0.002,0.004,1
2025-02,-2.146969181564377,1.1116528162573456,0.12990897707880777,-0.8996830861778548,644.2,90,-88.31622643491504,-89.96830861778548,1F_cost0.0020_delay1,1F,0.002,0.004,1
2025-03,0.2920939906491743,0.12984403882618437,0.17397785474771782,-0.9262851061606712,66.0,12,33.92288867163984,-92.62851061606712,1F_cost0.0020_delay1,1F,0.002,0.004,1
2025-04,0.09647804167884161,0.1739430626560934,0.19159927109598468,-0.9007003324167473,80.0,16,10.128539849982277,-90.07003324167474,1F_cost0.0020_delay1,1F,0.002,0.004,1
2025-05,0.12905609781737573,0.19156095507349546,0.217992827102057,-0.8668357210897162,48.0,12,13.775394788871619,-86.68357210897162,1F_cost0.0020_delay1,1F,0.002,0.004,1
2025-06,0.07980365091145289,0.2179492328962025,0.23610244739368963,-0.8483651815437595,48.0,12,8.307438612718299,-84.83651815437595,1F_cost0.0020_delay1,1F,0.002,0.004,1
2025-07,0.15516501420988846,0.23605523162594505,0.27573239834565205,-0.823559577821272,48.2,14,16.78506571593532,-82.35595778212719,1F_cost0.0020_delay1,1F,0.002,0.004,1
2025-08,0.06814988105687929,0.2756772573802633,0.29517863198283634,-0.7886344711740804,48.0,12,7.05257479855772,-78.86344711740804,1F_cost0.0020_delay1,1F,0.002,0.004,1
2025-09,0.09349988159241492,0.29511960215961885,0.32410922941994025,-0.7988425871683713,64.0,14,9.801047332852342,-79.88425871683714,1F_cost0.0020_delay1,1F,0.002,0.004,1
2025-10,0.05946005205390121,0.32404441405580875,0.3439652513902385,-0.7671465962494332,63.9,16,6.126336484102746,-76.71465962494331,1F_cost0.0020_delay1,1F,0.002,0.004,1
2025-11,0.1653731675841101,0.3438964652188069,0.4058216618019555,-0.729890182499678,36.2,14,17.983331212006348,-72.9890182499678,1F_cost0.0020_delay1,1F,0.002,0.004,1
2025-12,0.22760539330601612,0.4057405055854873,0.5095455243801765,-0.6814342548679448,28.4,12,25.558976353716467,-68.14342548679448,1F_cost0.0020_delay1,1F,0.002,0.004,1
2026-01,0.08550913650845576,0.5094436254655317,0.5550334245066423,-0.6481637683990196,68.3,13,8.927151343699503,-64.81637683990196,1F_cost0.0020_delay1,1F,0.002,0.004,1
2026-02,0.2093718804831287,0.5459187555154377,0.6843025995196658,-0.5644131567826393,60.1,11,23.2903406002851,-56.441315678263926,1F_cost0.0020_delay1,1F,0.002,0.004,1
2026-03,0.17719020779941208,0.6841657526849015,0.8169602373258823,-0.492932605950122,36.0,12,19.385815266423535,-49.2932605950122,1F_cost0.0020_delay1,1F,0.002,0.004,1
2026-04,0.16099978126387338,0.8167968616165326,0.9596707009906522,-0.3852692477017675,36.0,12,17.468471186785962,-38.52692477017675,1F_cost0.0020_delay1,1F,0.002,0.004,1
2026-05,0.11493415931573098,0.9594787860425886,1.0765581845964367,-0.25147858869010076,32.2,12,12.179957508875017,-25.147858869010076,1F_cost0.0020_delay1,1F,0.002,0.004,1
2026-06,0.3730106406162521,1.076342894489246,1.5632699148380516,-0.2829003547448614,54.7,12,45.209979098720574,-28.290035474486142,1F_cost0.0020_delay1,1F,0.002,0.004,1
2025-01,0.12905426903434775,0.9998000199986667,1.137751867185509,-0.3797672666991856,128.0,16,13.775186718550891,-37.97672666991856,1F_cost0.0020_delay2,1F,0.002,0.004,2
2025-02,-2.306321035195074,1.137524339565592,0.11335092220437494,-0.9149392864982084,660.4,94,-90.03728972251442,-91.49392864982084,1F_cost0.0020_delay2,1F,0.002,0.004,2
2025-03,0.28957441879191775,0.11329426090977682,0.15142083265150683,-0.9322102085555142,66.0,12,33.58588506098856,-93.22102085555142,1F_cost0.0020_delay2,1F,0.002,0.004,2
2025-04,0.09745426877602355,0.1513905515131913,0.16692042475618937,-0.9154581206620607,80.0,16,10.236102809152147,-91.54581206620607,1F_cost0.0020_delay2,1F,0.002,0.004,2
2025-05,0.11763472007163117,0.16688704400942408,0.18775762840306226,-0.8852997359584195,48.0,12,12.483315734014289,-88.52997359584195,1F_cost0.0020_delay2,1F,0.002,0.004,2
2025-06,0.10957677094385376,0.18772008063228388,0.2095010374555031,-0.8685486352777628,48.0,12,11.580572910605724,-86.85486352777629,1F_cost0.0020_delay2,1F,0.002,0.004,2
2025-07,0.14957438000158257,0.20945914143775343,0.24330190300684476,-0.8478438801830248,48.2,14,16.13398480593242,-84.78438801830248,1F_cost0.0020_delay2,1F,0.002,0.004,2
2025-08,0.07709244009896751,0.24325324749195706,0.2628005847030389,-0.8162995425371455,48.0,12,8.014192020374589,-81.62995425371456,1F_cost0.0020_delay2,1F,0.002,0.004,2
2025-09,0.08909940716475379,0.2627480298417596,0.28729079295390275,-0.8257491819577907,64.0,14,9.318932177619544,-82.57491819577906,1F_cost0.0020_delay2,1F,0.002,0.004,2
2025-10,0.06173542038102595,0.2872333405407448,0.3055857232389854,-0.7965409778540196,63.9,16,6.36808792129242,-79.65409778540196,1F_cost0.0020_delay2,1F,0.002,0.004,2
2025-11,0.1937065351584055,0.3055246122056447,0.3709016281485072,-0.7654867779237327,36.2,14,21.374004065772635,-76.54867779237327,1F_cost0.0020_delay2,1F,0.002,0.004,2
2025-12,0.11429240871934118,0.37082745524041555,0.41581035666955934,-0.7494182388488349,63.800000000000004,12,12.107989049611522,-74.94182388488349,1F_cost0.0020_delay2,1F,0.002,0.004,2
2026-01,0.05791110592449606,0.4157272029138782,0.44060130174808876,-0.8159082084274452,212.1,29,5.962079751233906,-81.59082084274452,1F_cost0.0020_delay2,1F,0.002,0.004,2
2026-02,0.2349638581148887,0.43336581854075334,0.5573003078485986,-0.6620831356327488,60.1,11,26.48630533716205,-66.20831356327488,1F_cost0.0020_delay2,1F,0.002,0.004,2
2026-03,0.14426776144044903,0.557188858932292,0.6437896281720025,-0.5964333658219827,36.0,12,15.519338336145406,-59.64333658219827,1F_cost0.0020_delay2,1F,0.002,0.004,2
2026-04,0.16229694009932813,0.6436608831213023,0.7572314465426982,-0.5265910431739004,36.0,12,17.620945322279603,-52.65910431739004,1F_cost0.0020_delay2,1F,0.002,0.004,2
2026-05,0.12816136852998508,0.7570800153970091,0.8607725647015887,-0.42280958876136865,32.2,12,13.67364213829596,-42.280958876136864,1F_cost0.0020_delay2,1F,0.002,0.004,2
2026-06,0.29978962148755534,0.860600427402952,1.161677010191676,-0.4472386582659199,54.7,12,34.957485615774075,-44.72386582659199,1F_cost0.0020_delay2,1F,0.002,0.004,2
2025-01,0.12499192590184272,0.9999000049998333,1.1331393039519249,-0.1553639972099239,72.0,14,13.313930395192486,-15.536399720992389,1G_cost0.0010_delay0,1G,0.001,0.002,0
2025-02,0.08339761015417399,1.1330259956870374,1.2316928648943006,-0.05076853414649363,32.1,13,8.69739145034163,-5.076853414649363,1G_cost0.0010_delay0,1G,0.001,0.002,0
2025-03,0.30727012198256237,1.2312342546721562,1.6747428951098309,-0.25846300532731525,57.9,11,35.97082055464789,-25.846300532731526,1G_cost0.0010_delay0,1G,0.001,0.002,0
2025-04,0.13788467139924526,1.6745754291937553,1.9223421827626432,-0.27873827857166544,72.0,16,14.784316349440264,-27.873827857166546,1G_cost0.0010_delay0,1G,0.001,0.002,0
2025-05,0.17728810903415507,1.9221499581557575,2.2952285818145954,-0.09730897644497516,44.0,12,19.3975038573033,-9.730897644497515,1G_cost0.0010_delay0,1G,0.001,0.002,0
2025-06,0.08616188578223229,2.2949990704321745,2.501759599898093,-0.17637434110377426,44.0,12,8.998276673611949,-17.637434110377427,1G_cost0.0010_delay0,1G,0.001,0.002,0
2025-07,0.1777546299542925,2.5015094364464843,2.988432355847914,-0.12032585289422448,44.2,14,19.453218285627628,-12.032585289422448,1G_cost0.0010_delay0,1G,0.001,0.002,0
2025-08,0.10146695590754286,2.988133527553993,3.3075770428555415,-0.08395932466228395,30.2,12,10.679334480605185,-8.395932466228395,1G_cost0.0010_delay0,1G,0.001,0.002,0
2025-09,0.09124414974529972,3.3072463016885902,3.62357120354043,-0.2082353630602357,58.0,14,9.553644755378965,-20.82353630602357,1G_cost0.0010_delay0,1G,0.001,0.002,0
2025-10,0.09562279052722432,3.623208864537328,3.987174562612877,-0.11785002295620806,47.9,16,10.034392554979599,-11.785002295620806,1G_cost0.0010_delay0,1G,0.001,0.002,0
2025-11,0.19807385484587905,3.9867758650918246,4.86057481317529,-0.10767028321332939,34.2,14,21.905242342589126,-10.767028321332939,1G_cost0.0010_delay0,1G,0.001,0.002,0
2025-12,0.16130857926979833,4.860088779996037,5.711406322529419,-0.11251118499351631,30.2,12,17.504750817698046,-11.25111849935163,1G_cost0.0010_delay0,1G,0.001,0.002,0
2026-01,0.09835296295791733,5.710835210453246,6.301692495911401,-0.1983212651273647,60.3,13,10.335215882881998,-19.83212651273647,1G_cost0.0010_delay0,1G,0.001,0.002,0
2026-02,0.2512238598800943,6.253617375775342,8.101442298270998,-0.2442711463198598,58.1,11,28.55978459004913,-24.42711463198598,1G_cost0.0010_delay0,1G,0.001,0.002,0
2026-03,0.19889163908825153,8.10063219454703,9.884162675216887,-0.28668419592847527,34.0,12,22.00497530330312,-28.668419592847528,1G_cost0.0010_delay0,1G,0.001,0.002,0
2026-04,0.17397831175363032,9.88317430836853,11.762447695485783,-0.11793517790648933,34.0,12,19.00297558819446,-11.793517790648933,1G_cost0.0010_delay0,1G,0.001,0.002,0
2026-05,0.1484000669929219,11.761271509526509,13.644167284933873,-0.0950269055650087,30.2,12,15.997687200515752,-9.50269055650087,1G_cost0.0010_delay0,1G,0.001,0.002,0
2026-06,0.3708704558426245,13.642802936423939,19.77033498249868,-0.19760480749029785,50.7,12,44.89953523458645,-19.760480749029785,1G_cost0.0010_delay0,1G,0.001,0.002,0
2025-01,0.10908029430091115,0.9999000049998333,1.1152518951176904,-0.16706524319466998,72.0,14,11.52518951176904,-16.706524319466997,1G_cost0.0010_delay1,1G,0.001,0.002,1
2025-02,0.0592811199612212,1.1151403755042522,1.1833642180771549,-0.06295600662639489,32.1,13,6.1073487754330635,-6.2956006626394885,1G_cost0.0010_delay1,1G,0.001,0.002,1
2025-03,0.31563657553035585,1.1829236026101029,1.6225483839900334,-0.2695777778130929,57.9,11,37.11318621975133,-26.95777778130929,1G_cost0.0010_delay1,1G,0.001,0.002,1
2025-04,0.1297731876381056,1.622386137264106,1.8473850957065705,-0.3173462709962035,72.0,16,13.857011225984994,-31.73462709962035,1G_cost0.0010_delay1,1G,0.001,0.002,1
2025-05,0.14233758288254025,1.8472003664336174,2.129971842846646,-0.09654702362922163,44.0,12,15.296580436684426,-9.654702362922162,1G_cost0.0010_delay1,1G,0.001,0.002,1
2025-06,0.0925407150482376,2.1297588563118657,2.3364892339071788,-0.1711037815180485,44.0,12,9.695780334097215,-17.110378151804852,1G_cost0.0010_delay1,1G,0.001,0.002,1
2025-07,0.17391520371571262,2.336255596665845,2.7803162468076317,-0.12505217382673706,44.2,14,18.995465780865818,-12.505217382673706,1G_cost0.0010_delay1,1G,0.001,0.002,1
2025-08,0.1109420557336493,2.780038229084069,3.106531202740863,-0.08395932466228384,30.2,12,11.733016210216828,-8.395932466228384,1G_cost0.0010_delay1,1G,0.001,0.002,1
2025-09,0.08028189875598457,3.1062205651527277,3.366213875022922,-0.21686748554419244,58.0,14,8.35924879984924,-21.686748554419243,1G_cost0.0010_delay1,1G,0.001,0.002,1
2025-10,0.08759993856359782,3.3658772704659277,3.6743952897928582,-0.13151295283180753,57.9,16,9.15513470657996,-13.151295283180753,1G_cost0.0010_delay1,1G,0.001,0.002,1
2025-11,0.19959771250274502,3.674027868635243,4.486111471913162,-0.10684035890766697,34.2,14,22.091150192119603,-10.684035890766697,1G_cost0.0010_delay1,1G,0.001,0.002,1
2025-12,0.24240766160129124,4.48566288319578,5.716712750563183,-0.08459808730000762,26.4,12,27.43135756555808,-8.459808730000763,1G_cost0.0010_delay1,1G,0.001,0.002,1
2026-01,0.11077932542690917,5.7161411078707385,6.386416236240779,-0.14423405877151907,60.3,13,11.714835341545227,-14.423405877151907,1G_cost0.0010_delay1,1G,0.001,0.002,1
2026-02,0.2613203839579517,6.337694765303351,8.29367897694877,-0.23410762015542297,58.1,11,29.86436633874412,-23.410762015542296,1G_cost0.0010_delay1,1G,0.001,0.002,1
2026-03,0.20049491974376019,8.292849650518088,10.134937117172157,-0.27681635853356257,34.0,12,22.200740411353447,-27.681635853356255,1G_cost0.0010_delay1,1G,0.001,0.002,1
2026-04,0.18121850826282468,10.133923674133435,12.148516743691168,-0.10429799652131089,34.0,12,19.86770715239359,-10.429799652131088,1G_cost0.0010_delay1,1G,0.001,0.002,1
2026-05,0.16223367797319505,12.147301952757356,14.288296299970046,-0.09049555405500564,30.2,12,17.613504606560948,-9.049555405500564,1G_cost0.0010_delay1,1G,0.001,0.002,1
2026-06,0.41124538864376325,14.286867541779147,21.556688728899477,-0.20687373987436808,50.7,12,50.86955278877203,-20.687373987436807,1G_cost0.0010_delay1,1G,0.001,0.002,1
2025-01,0.12057560206488549,0.9999000049998333,1.1281460279109914,-0.17164520230359226,72.0,14,12.814602791099139,-17.164520230359226,1G_cost0.0010_delay2,1G,0.001,0.002,2
2025-02,0.05621348560362251,1.1280332189487425,1.1933793681572293,-0.06566833528415161,32.1,13,5.782348971881901,-6.566833528415161,1G_cost0.0010_delay2,1G,0.001,0.002,2
2025-03,0.07646408186036797,1.1929350236353669,1.2882093709138742,-0.22195431470888805,57.9,11,7.946341732309126,-22.195431470888806,1G_cost0.0010_delay2,1G,0.001,0.002,2
2025-04,0.13099405172058975,1.2880805564176152,1.4685084433014877,-0.3165123346197868,72.0,16,13.996100048527559,-31.651233461978677,1G_cost0.0010_delay2,1G,0.001,0.002,2
2025-05,0.15616129279360194,1.468361599799455,1.7167080182923686,-0.08618814339854541,44.0,12,16.90147415379384,-8.618814339854541,1G_cost0.0010_delay2,1G,0.001,0.002,2
2025-06,0.12191426151878287,1.7165363560737934,1.9392916461764311,-0.14661515214257537,44.0,12,12.965724253182497,-14.661515214257538,1G_cost0.0010_delay2,1G,0.001,0.002,2
2025-07,0.16788736646096328,1.9390977267079483,2.2938007135428653,-0.12914515442953878,44.2,14,18.28033798141684,-12.914515442953878,1G_cost0.0010_delay2,1G,0.001,0.002,2
2025-08,0.10672563435823679,2.2935713449401325,2.552149068966575,-0.08395932466228384,30.2,12,11.262894544342505,-8.395932466228384,1G_cost0.0010_delay2,1G,0.001,0.002,2
2025-09,0.07503669972692695,2.551893866819998,2.7510219920373067,-0.21826786826240607,58.0,14,7.792370966452156,-21.826786826240607,1G_cost0.0010_delay2,1G,0.001,0.002,2
2025-10,0.10237243338196134,2.7507469035927543,3.0475710902171547,-0.12949228598721763,47.9,16,10.779597510968376,-12.949228598721763,1G_cost0.0010_delay2,1G,0.001,0.002,2
2025-11,0.2279310800770404,3.0472663483454805,3.8277455076171,-0.10702879159408918,34.2,14,25.59987591115911,-10.702879159408917,1G_cost0.0010_delay2,1G,0.001,0.002,2
2025-12,0.2558234815963291,3.827362752204428,4.943627982980277,-0.14528356782489094,40.2,12,29.152472993374467,-14.528356782489094,1G_cost0.0010_delay2,1G,0.001,0.002,2
2026-01,0.10301651962052581,4.943133644899295,5.480059676559955,-0.1615469490564887,60.3,13,10.85097210846946,-16.15469490564887,1G_cost0.0010_delay2,1G,0.001,0.002,2
2026-02,0.2869123615897117,5.438252729065401,7.301124317372756,-0.2291696949432428,58.1,11,33.23074470524639,-22.91696949432428,1G_cost0.0010_delay2,1G,0.001,0.002,2
2026-03,0.16757247338479714,7.300394241445424,8.633075595238285,-0.2724302689030581,34.0,12,18.243098185524566,-27.24302689030581,1G_cost0.0010_delay2,1G,0.001,0.002,2
2026-04,0.18251566709827943,8.632212330842698,10.361701832186245,-0.12805008835695164,34.0,12,20.023295497393878,-12.805008835695164,1G_cost0.0010_delay2,1G,0.001,0.002,2
2026-05,0.17546088718744915,10.360665713809807,12.349028302809122,-0.08267378187868957,30.2,12,19.1795373270605,-8.267378187868957,1G_cost0.0010_delay2,1G,0.001,0.002,2
2026-06,0.37846166206793624,12.347793461721922,18.03003614832526,-0.2084254348286565,50.7,12,46.00368309321821,-20.84254348286565,1G_cost0.0010_delay2,1G,0.001,0.002,2
2025-01,0.11276278133112373,0.9998500112494375,1.119366366851684,-0.16710651185270609,72.0,14,11.9366366851684,-16.71065118527061,1G_cost0.0015_delay0,1G,0.0015,0.003,0
2025-02,0.05880748443032133,1.119198474488898,1.1871675570340268,-0.057056281956439414,32.1,13,6.057104464648111,-5.705628195643941,1G_cost0.0015_delay0,1G,0.0015,0.003,0
2025-03,0.27832012198256234,1.1866365243496706,1.5681402886745877,-0.2891688449544837,57.9,11,32.09089815361601,-28.916884495448368,1G_cost0.0015_delay0,1G,0.0015,0.003,0
2025-04,0.15220142618183238,1.5679050852719827,1.825934323162241,-0.29760068349356583,72.0,16,16.439475240161315,-29.760068349356583,1G_cost0.0015_delay0,1G,0.0015,0.003,0
2025-05,0.15528810903415505,1.8256604535545007,2.132681105083802,-0.10673764505635941,44.0,12,16.799442237896155,-10.67376450563594,1G_cost0.0015_delay0,1G,0.0015,0.003,0
2025-06,0.07479368568038539,2.1323612269095022,2.298308939098106,-0.18264804536387036,44.0,12,7.7661790888232884,-18.264804536387036,1G_cost0.0015_delay0,1G,0.0015,0.003,0
2025-07,0.1556546299542925,2.297964218611924,2.685396095265289,-0.12828494125663725,44.2,14,16.8422595231728,-12.828494125663726,1G_cost0.0015_delay0,1G,0.0015,0.003,0
2025-08,0.08636695590754286,2.6849933160601944,2.9276357747799953,-0.08395932466228395,30.2,12,9.020631255918188,-8.395932466228395,1G_cost0.0015_delay0,1G,0.0015,0.003,0
2025-09,0.07403325776653819,2.9271966623480337,3.152602973087469,-0.22352521295008698,58.0,14,7.684261828108707,-22.3525212950087,1G_cost0.0015_delay0,1G,0.0015,0.003,0
2025-10,0.08368567086740467,3.1521301181065158,3.4277844623656586,-0.13679587594134224,57.9,16,8.728707408681235,-13.679587594134224,1G_cost0.0015_delay0,1G,0.0015,0.003,0
2025-11,0.18097385484587905,3.4272703332569505,4.10780153053627,-0.10828320990367035,34.2,14,19.838384695323242,-10.828320990367036,1G_cost0.0015_delay0,1G,0.0015,0.003,0
2025-12,0.14620857926979833,4.107185406517146,4.754523864105281,-0.11698170594311696,30.2,12,15.74375803605539,-11.698170594311696,1G_cost0.0015_delay0,1G,0.0015,0.003,0
2026-01,0.09361799023714039,4.753810739011384,5.2211336230790835,-0.21911282018247247,60.3,13,9.814016551615602,-21.911282018247245,1G_cost0.0015_delay0,1G,0.0015,0.003,0
2026-02,0.24850900210393548,5.163457310120444,6.6940799723821645,-0.25764122342119156,58.1,11,28.211236402611828,-25.764122342119155,1G_cost0.0015_delay0,1G,0.0015,0.003,0
2026-03,0.1818916390882515,6.693075935690941,8.029443224905002,-0.3017520664754606,34.0,12,19.948420963480594,-30.17520664754606,1G_cost0.0015_delay0,1G,0.0015,0.003,0
2026-04,0.14869637395576765,8.028238898747986,9.316728638581038,-0.15112194038639792,34.0,12,16.03206321558208,-15.112194038639792,1G_cost0.0015_delay0,1G,0.0015,0.003,0
2026-05,0.13330006699292193,9.315331234093206,10.645227073944369,-0.09963051915364851,30.2,12,14.25928012824118,-9.96305191536485,1G_cost0.0015_delay0,1G,0.0015,0.003,0
2026-06,0.39862223071828135,10.643630409636094,15.858947630998836,-0.2100250427768644,50.7,12,48.977072267587005,-21.00250427768644,1G_cost0.0015_delay0,1G,0.0015,0.003,0
2025-01,0.07874737471706525,0.9998500112494375,1.0819309644272384,-0.3506942903019282,112.0,16,8.193096442723835,-35.06942903019282,1G_cost0.0015_delay1,1G,0.0015,0.003,1
2025-02,-1.5719151891114413,1.0817686869536889,0.22465984641671113,-0.8211011345166629,536.2,86,-79.2352882204787,-82.1101134516663,1G_cost0.0015_delay1,1G,0.0015,0.003,1
2025-03,0.28675898624750723,0.22457561476872595,0.2992700822631743,-0.8595574012962371,58.0,12,33.21031196116466,-85.95574012962372,1G_cost0.0015_delay1,1G,0.0015,0.003,1
2025-04,0.10170082789616597,0.29922519511745493,0.3313076098580924,-0.8138855408358885,72.0,16,10.705222303759987,-81.38855408358884,1G_cost0.0015_delay1,1G,0.0015,0.003,1
2025-05,0.14258699037994357,0.3312579174436379,0.3820816270327601,-0.7560137433408571,44.0,12,15.32533985452844,-75.60137433408572,1G_cost0.0015_delay1,1G,0.0015,0.003,1
2025-06,0.08117251494639072,0.3820243190869086,0.41438967871435356,-0.719159928708017,44.0,12,8.455798289097881,-71.9159928708017,1G_cost0.0015_delay1,1G,0.0015,0.003,1
2025-07,0.1518152037157126,0.4143275249241972,0.48232684590203645,-0.6741780260019797,44.2,14,16.394512382272207,-67.41780260019797,1G_cost0.0015_delay1,1G,0.0015,0.003,1
2025-08,0.0958420557336493,0.4822545023010569,0.5308417973944138,-0.613068263030383,30.2,12,10.058521914044793,-61.3068263030383,1G_cost0.0015_delay1,1G,0.0015,0.003,1
2025-09,0.07289426688021008,0.5307621770964763,0.5709823567901716,-0.6126281355215433,58.0,14,7.561680258183112,-61.26281355215433,1G_cost0.0015_delay1,1G,0.0015,0.003,1
2025-10,0.07875264420312647,0.5708967158598836,0.6177667472576147,-0.567125329996794,57.9,16,8.193666566239589,-56.7125329996794,1G_cost0.0015_delay1,1G,0.0015,0.003,1
2025-11,0.18249771250274502,0.6176740891950545,0.74145069597878,-0.49727597753114405,34.2,14,20.021140547014205,-49.7275977531144,1G_cost0.0015_delay1,1G,0.0015,0.003,1
2025-12,0.22920766160129125,0.7413394867152865,0.9324507440180476,-0.39678953334625344,26.4,12,25.760316778330193,-39.67895333462535,1G_cost0.0015_delay1,1G,0.0015,0.003,1
2026-01,0.07992982529931916,0.9323108868959913,1.0100409504302466,-0.3140437180339768,60.3,13,8.321105099648808,-31.40437180339768,1G_cost0.0015_delay1,1G,0.0015,0.003,1
2026-02,0.25860552618179283,0.9988833279360533,1.3081270759637778,-0.2476198885608064,58.1,11,29.512281200733035,-24.76198885608064,1G_cost0.0015_delay1,1G,0.0015,0.003,1
2026-03,0.1834949197437602,1.307930871618077,1.5715954615951895,-0.29209267433802866,34.0,12,20.140886193132125,-29.209267433802864,1G_cost0.0015_delay1,1G,0.0015,0.003,1
2026-04,0.15593657046496198,1.5713597399555153,1.836805444759166,-0.13799784362741485,34.0,12,16.87520673384899,-13.799784362741486,1G_cost0.0015_delay1,1G,0.0015,0.003,1
2026-05,0.14713367797319504,1.8365299446054801,2.127955307991997,-0.09512221870617354,30.2,12,15.850881979011389,-9.512221870617354,1G_cost0.0015_delay1,1G,0.0015,0.003,1
2026-06,0.38589538864376327,2.1276361386340983,3.130074975249965,-0.21915050181744966,50.7,12,47.09307867013435,-21.915050181744967,1G_cost0.0015_delay1,1G,0.0015,0.003,1
2025-01,0.08324543990319097,0.9998500112494375,1.0868085219942634,-0.32292108673466036,112.0,16,8.680852199426337,-32.29210867346603,1G_cost0.0015_delay2,1G,0.0015,0.003,2
2025-02,-1.8136712321387427,1.0866455129419488,0.177208939713093,-0.8602088431487799,550.2,88,-83.69455740115842,-86.02088431487799,1G_cost0.0015_delay2,1G,0.0015,0.003,2
2025-03,0.2831444748104002,0.17714249881914682,0.23520887791679684,-0.8821664616112137,58.0,12,32.72969089347726,-88.21664616112137,1G_cost0.0015_delay2,1G,0.0015,0.003,2
2025-04,0.10292169197865011,0.2351735992310769,0.26070660429147535,-0.8542034486623795,72.0,16,10.840460870570624,-85.42034486623795,1G_cost0.0015_delay2,1G,0.0015,0.003,2
2025-05,0.13416129279360192,0.2606675012336343,0.29813814303690306,-0.8069127835433489,44.0,12,14.357725554040224,-80.6912783543349,1G_cost0.0015_delay2,1G,0.0015,0.003,2
2025-06,0.11054606141693599,0.2980934256693339,0.3329868526755322,-0.7753989684546847,44.0,12,11.68877933016297,-77.53989684546848,1G_cost0.0015_delay2,1G,0.0015,0.003,2
2025-07,0.14578736646096327,0.3329369083935456,0.38524919097851174,-0.7409089921774905,44.2,14,15.69501554882855,-74.09089921774905,1G_cost0.0015_delay2,1G,0.0015,0.003,2
2025-08,0.09162563435823678,0.38519140793370166,0.4222155681314378,-0.6923328217987426,30.2,12,9.595445757856979,-69.23328217987425,1G_cost0.0015_delay2,1G,0.0015,0.003,2
2025-09,0.07110448513078796,0.4221522405459058,0.45333007099256356,-0.6938273250807716,58.0,14,7.369340500357757,-69.38273250807715,1G_cost0.0015_delay2,1G,0.0015,0.003,2
2025-10,0.07942826960786746,0.453262076581623,0.49080591440497273,-0.6552631036719025,57.9,16,8.266789655130523,-65.52631036719025,1G_cost0.0015_delay2,1G,0.0015,0.003,2
2025-11,0.2108310800770404,0.4907322990391025,0.6059999135309299,-0.6023862327859903,34.2,14,23.470377137898126,-60.238623278599036,1G_cost0.0015_delay2,1G,0.0015,0.003,2
2025-12,0.23572348159632914,0.6059090203610583,0.7670893788162494,-0.5577706027305214,40.2,12,26.58242380707827,-55.777060273052136,1G_cost0.0015_delay2,1G,0.0015,0.003,2
2026-01,0.12669068902659938,0.766974324038751,0.8706969770823688,-0.5942340740272376,186.1,29,13.50658751474354,-59.42340740272376,1G_cost0.0015_delay2,1G,0.0015,0.003,2
2026-02,0.2841975038135528,0.8610786460899649,1.1568910048860845,-0.29510120996557365,58.1,11,32.869532723396745,-29.510120996557365,1G_cost0.0015_delay2,1G,0.0015,0.003,2
2026-03,0.15057247338479715,1.1567174842497245,1.3448852752719471,-0.28779923515825423,34.0,12,16.249955232764023,-28.779923515825423,1G_cost0.0015_delay2,1G,0.0015,0.003,2
2026-04,0.15723372930041674,1.3446835576098592,1.5738776916132666,-0.16085628795506546,34.0,12,17.026910811780226,-16.085628795506544,1G_cost0.0015_delay2,1G,0.0015,0.003,2
2026-05,0.16036088718744915,1.5736416276647636,1.847629246139013,-0.08633575791646597,30.2,12,17.39344524574482,-8.633575791646598,1G_cost0.0015_delay2,1G,0.0015,0.003,2
2026-06,0.32080711977663473,1.8473521225368819,2.5464760149915433,-0.22067817816269686,50.7,12,37.82397200698726,-22.067817816269685,1G_cost0.0015_delay2,1G,0.0015,0.003,2
2025-01,0.04967904172893081,0.9998000199986667,1.0509337363646452,-0.370534281529422,112.0,16,5.0933736364645155,-37.0534281529422,1G_cost0.0020_delay0,1G,0.002,0.004,0
2025-02,-1.6649328660042326,1.0507235706346458,0.19884019356692975,-0.8305282506941963,536.0,84,-81.07966404668376,-83.05282506941964,1G_cost0.0020_delay0,1G,0.002,0.004,0
2025-03,0.2493925326997138,0.1987407983210285,0.2551608134597447,-0.875411415303142,58.0,12,28.324565009969827,-87.5411415303142,1G_cost0.0020_delay0,1G,0.002,0.004,0
2025-04,0.11620142618183239,0.25510978639992876,0.28660226363142866,-0.831785146964579,72.0,16,12.322209568690056,-83.1785146964579,1G_cost0.0020_delay0,1G,0.002,0.004,0
2025-05,0.13328810903415506,0.2865449489103655,0.32746576741095734,-0.7840805869527329,44.0,12,14.257913828649759,-78.40805869527328,1G_cost0.0020_delay0,1G,0.002,0.004,0
2025-06,0.05799425237912406,0.3274002808063539,0.3470183897712955,-0.7713428824810162,58.0,14,5.970890488775948,-77.13428824810163,1G_cost0.0020_delay0,1G,0.002,0.004,0
2025-07,0.1335546299542925,0.3469489930332464,0.3966016613094239,-0.721275216710657,44.2,14,14.288370011400996,-72.1275216710657,1G_cost0.0020_delay0,1G,0.002,0.004,0
2025-08,0.09528345274858506,0.3965223489086665,0.43625016760200447,-0.6713882254663907,44.0,12,9.997060063156727,-67.13882254663906,1G_cost0.0020_delay0,1G,0.002,0.004,0
2025-09,0.08583162588569167,0.4361629262929058,0.4753481503146395,-0.6748074332401268,58.0,14,8.962284857688442,-67.48074332401268,1G_cost0.0020_delay0,1G,0.002,0.004,0
2025-10,0.07483837650693331,0.4752530901909058,0.5122874330007139,-0.6286656359274994,57.9,16,7.770995356061361,-62.866563592749934,1G_cost0.0020_delay0,1G,0.002,0.004,0
2025-11,0.1697483485988344,0.5121849857591795,0.6070639918782331,-0.5694193722539738,34.2,14,18.50066052223205,-56.941937225397375,1G_cost0.0020_delay0,1G,0.002,0.004,0
2025-12,0.1311085792697983,0.606942591220328,0.6921085364956989,-0.48947531169421543,30.2,12,14.009156490132302,-48.947531169421545,1G_cost0.0020_delay0,1G,0.002,0.004,0
2026-01,0.09066646149388452,0.6919701286296478,0.7577922332530141,-0.49097112224230033,60.3,13,9.490375178709165,-49.09711222423003,1G_cost0.0020_delay0,1G,0.002,0.004,0
2026-02,0.21378945056840787,0.7468400794220545,0.9384210229186769,-0.3634672525666297,58.1,11,23.836189095033113,-36.34672525666297,1G_cost0.0020_delay0,1G,0.002,0.004,0
2026-03,0.16489163908825152,0.9382333574812625,1.1066473730686524,-0.31650164781375867,34.0,12,17.926532552175555,-31.650164781375867,1G_cost0.0020_delay0,1G,0.002,0.004,0
2026-04,0.13169637395576764,1.1064260657255105,1.2624211617639491,-0.1830600857847562,34.0,12,14.076190165558122,-18.30600857847562,1G_cost0.0020_delay0,1G,0.002,0.004,0
2026-05,0.11820006699292192,1.2621687027783364,1.420816208333231,-0.10421071408133065,30.2,12,12.546925809447007,-10.421071408133065,1G_cost0.0020_delay0,1G,0.002,0.004,0
2026-06,0.37327223071828136,1.420532073505994,2.063706693793578,-0.22225302585901308,50.7,12,45.24796956071646,-22.225302585901307,1G_cost0.0020_delay0,1G,0.002,0.004,0
2025-01,0.06278454440834305,0.9998000199986667,1.0647973979616183,-0.3686226813919674,112.0,16,6.47973979616181,-36.86226813919674,1G_cost0.0020_delay1,1G,0.002,0.004,1
2025-02,-1.8400151891114414,1.0645844597765541,0.1691058134830572,-0.8617628554816473,536.2,86,-84.1184986170343,-86.17628554816473,1G_cost0.0020_delay1,1G,0.002,0.004,1
2025-03,0.25775898624750726,0.16902128171101977,0.21882747205986616,-0.8944748983292797,58.0,12,29.402690275808062,-89.44748983292797,1G_cost0.0020_delay1,1G,0.002,0.004,1
2025-04,0.044820516094067155,0.21878371094171187,0.22885855217466664,-0.8652377848290814,72.0,16,4.584013159031586,-86.52377848290814,1G_cost0.0020_delay1,1G,0.002,0.004,1
2025-05,0.1205869903799436,0.22881278504109762,0.25818880690804547,-0.8293897719368417,44.0,12,12.815887566654593,-82.93897719368417,1G_cost0.0020_delay1,1G,0.002,0.004,1
2025-06,0.07343935520871146,0.25813717431009575,0.27786363790268404,-0.8194385157589852,58.0,14,7.620326857022008,-81.94385157589852,1G_cost0.0020_delay1,1G,0.002,0.004,1
2025-07,0.15256598844189004,0.2778080707320058,0.32366093491346315,-0.7806019480894484,44.2,14,16.481932417086753,-78.06019480894484,1G_cost0.0020_delay1,1G,0.002,0.004,1
2025-08,0.0807420557336493,0.3235962091992676,0.3508779795388574,-0.7353162808878708,30.2,12,8.409122538273328,-73.53162808878709,1G_cost0.0020_delay1,1G,0.002,0.004,1
2025-09,0.06478726563658893,0.35080781096004143,0.3743629539862142,-0.744666014567604,58.0,14,6.693202713439561,-74.4666014567604,1G_cost0.0020_delay1,1G,0.002,0.004,1
2025-10,0.09872245347889613,0.3742880888821769,0.41320682126719144,-0.7126995442434523,57.9,16,10.375991231869452,-71.26995442434523,1G_cost0.0020_delay1,1G,0.002,0.004,1
2025-11,0.17127220625570036,0.4131241881665235,0.49039954252272394,-0.6572190965337652,34.2,14,18.68137631871698,-65.72190965337651,1G_cost0.0020_delay1,1G,0.002,0.004,1
2025-12,0.21600766160129123,0.4903014724215564,0.6086407020303188,-0.59333458003516,26.4,12,24.111188786868777,-59.33345800351601,1G_cost0.0020_delay1,1G,0.002,0.004,1
2026-01,0.026636637996317977,0.6085189860619153,0.6250706925083953,-0.5488655734079588,74.1,13,2.6994564154629863,-54.88655734079588,1G_cost0.0020_delay1,1G,0.002,0.004,1
2026-02,0.22388597464626522,0.6160367250445317,0.7819186648555575,-0.48178725368400643,58.1,11,25.09283737455914,-48.17872536840064,1G_cost0.0020_delay1,1G,0.002,0.004,1
2026-03,0.16649491974376018,0.7817622967599172,0.9235691229641139,-0.3834918123336437,34.0,12,18.11575352721926,-38.34918123336437,1G_cost0.0020_delay1,1G,0.002,0.004,1
2026-04,0.13893657046496197,0.9233844276096722,1.0612282218697058,-0.26194659499560147,34.0,12,14.905121390783084,-26.194659499560146,1G_cost0.0020_delay1,1G,0.002,0.004,1
2026-05,0.13203367797319504,1.0610159974484814,1.2110171365325957,-0.12485050490413019,30.2,12,14.11467501297572,-12.48505049041302,1G_cost0.0020_delay1,1G,0.002,0.004,1
2026-06,0.32824084635246176,1.2107749573240172,1.6815255747231117,-0.23123723237286387,50.7,12,38.85233528054635,-23.123723237286388,1G_cost0.0020_delay1,1G,0.002,0.004,1
2025-01,0.1129221950075321,0.9998000199986667,1.1195448233832996,-0.34161634133435337,112.0,16,11.954482338329964,-34.161634133435335,1G_cost0.0020_delay2,1G,0.002,0.004,2
2025-02,-2.088771232138743,1.1193209368080268,0.13864354873635473,-0.892735304212035,550.2,88,-87.61607879911682,-89.27353042120349,1G_cost0.0020_delay2,1G,0.002,0.004,2
2025-03,0.2541444748104002,0.13857424428954213,0.1787611784963594,-0.9120803844919894,58.0,12,28.935807057486997,-91.20803844919894,1G_cost0.0020_delay2,1G,0.002,0.004,2
2025-04,0.04115297009770286,0.17872542983564535,0.186271201950937,-0.8951676753214611,72.0,16,4.2011489954070225,-89.51676753214612,1G_cost0.0020_delay2,1G,0.002,0.004,2
2025-05,0.13441070029100527,0.1862339514357225,0.21306864420427,-0.8665771692770544,44.0,12,14.386250785234811,-86.65771692770544,1G_cost0.0020_delay2,1G,0.002,0.004,2
2025-06,0.07900317986131487,0.21302603473651793,0.2305845408812187,-0.8474227037084885,44.0,12,8.220776333544455,-84.74227037084884,1G_cost0.0020_delay2,1G,0.002,0.004,2
2025-07,0.14653815118714067,0.23053842858442586,0.2669751860925546,-0.8278670427276622,44.2,14,15.781910214909779,-82.78670427276622,1G_cost0.0020_delay2,1G,0.002,0.004,2
2025-08,0.11801774513093395,0.2669217963944839,0.3004175869339636,-0.7923493298771543,44.0,12,12.526407914859616,-79.23493298771544,1G_cost0.0020_delay2,1G,0.002,0.004,2
2025-09,0.0629974838871668,0.300357509424528,0.3199519880254594,-0.7924484091275206,58.0,14,6.502415950697893,-79.24484091275205,1G_cost0.0020_delay2,1G,0.002,0.004,2
2025-10,0.07058097524739611,0.31988800402646744,0.34335054499896195,-0.7646896679070551,57.9,16,7.313146299825624,-76.46896679070551,1G_cost0.0020_delay2,1G,0.002,0.004,2
2025-11,0.19960557382999575,0.3432818817565153,0.4192039250664304,-0.7290978992064314,34.2,14,22.09210999437832,-72.90978992064314,1G_cost0.0020_delay2,1G,0.002,0.004,2
2025-12,0.1618970956190094,0.41912009266493666,0.49287450693559054,-0.7041419899369107,44.0,12,17.57392463762968,-70.41419899369107,1G_cost0.0020_delay2,1G,0.002,0.004,2
2026-01,0.05981457803621732,0.49277594189103646,0.5232551323348847,-0.7599010408404092,186.1,29,6.163967698021766,-75.99010408404092,1G_cost0.0020_delay2,1G,0.002,0.004,2
2026-02,0.24947795227802522,0.5156926759640006,0.6715222311570824,-0.5874107141028084,58.1,11,28.335526908373687,-58.741071410280846,1G_cost0.0020_delay2,1G,0.002,0.004,2
2026-03,0.13357247338479714,0.6713879401404004,0.7674855067057458,-0.4964261629718214,34.0,12,14.290409326182907,-49.642616297182144,1G_cost0.0020_delay2,1G,0.002,0.004,2
2026-04,0.14023372930041675,0.7673320249530915,0.8830248340253163,-0.41667033733456604,34.0,12,15.054268296934548,-41.667033733456606,1G_cost0.0020_delay2,1G,0.002,0.004,2
2026-05,0.14526088718744914,0.8828482467178306,1.0210780010851397,-0.3074169343210297,30.2,12,15.634120552476482,-30.741693432102966,1G_cost0.0020_delay2,1G,0.002,0.004,2
2026-06,0.2954571197766347,1.0208738059051212,1.3720638317140745,-0.3106685969799161,50.7,12,34.37404686575645,-31.06685969799161,1G_cost0.0020_delay2,1G,0.002,0.004,2
