month_loss_trigger,month_dd_trigger,account_dd_trigger,triggered_scale,return_2025_pct,return_2026_pct,min_target_year_return_pct,max_drawdown_pct,losing_months,min_monthly_return_pct,planned_trade_count,skipped_trade_count,risk_scaled_bar_count,turnover,hard_pass_relaxed
,,,1.0,144.160634511369,151.70664554063333,144.160634511369,-65.30592707935568,4,-24.722805211334908,173,0,0,682.0,False
-0.35,,,0.0,144.160634511369,151.70664554063333,144.160634511369,-65.30592707935568,4,-24.722805211334908,173,0,0,682.0,False
-0.35,,,0.25,144.160634511369,151.70664554063333,144.160634511369,-65.30592707935568,4,-24.722805211334908,173,0,0,682.0,False
-0.35,,,0.5,144.160634511369,151.70664554063333,144.160634511369,-65.30592707935568,4,-24.722805211334908,173,0,0,682.0,False
-0.2,,,0.5,118.33130311569859,118.07955239124968,118.07955239124968,-64.26961043029218,6,-22.474265224901803,173,0,11228,567.0,False
-0.25,-0.35,,0.5,115.16387632270688,143.21357788646907,115.16387632270688,-59.06829178544193,5,-24.557659018865984,173,0,7388,590.0,False
-0.2,-0.35,,0.5,134.42987448381155,110.72112771211363,110.72112771211363,-58.01067285152087,6,-22.474265224901803,173,0,12543,543.0,False
,-0.35,,0.5,106.40049048890457,143.21357788646907,106.40049048890457,-59.06829178544195,5,-24.426968221888366,173,0,6265,604.0,False
-0.35,-0.35,,0.5,106.40049048890457,143.21357788646907,106.40049048890457,-59.06829178544195,5,-24.426968221888366,173,0,6265,604.0,False
-0.2,,,0.25,106.46012591293363,102.99020384649369,102.99020384649369,-63.73990116276339,6,-21.510177909602913,173,0,11228,509.5,False
-0.25,-0.35,,0.25,101.98365058804634,139.07512086295424,101.98365058804634,-57.5028258194584,5,-24.897984638097114,173,0,7388,544.0,False
-0.3,-0.35,,0.5,101.28955111477391,143.21357788646907,101.28955111477391,-59.06829178544195,5,-27.063343698705268,173,0,6993,596.0,False
-0.25,,,0.5,98.4158441052777,151.70664554063333,98.4158441052777,-65.5124262028387,5,-25.17085507788326,173,0,6064,614.0,False
-0.2,-0.35,,0.25,129.71090355713054,92.80344153949622,92.80344153949622,-57.78953467795479,6,-21.510177909602913,173,0,12543,473.5,False
,-0.35,,0.25,89.77030913900963,139.07512086295424,89.77030913900963,-57.50282581945842,5,-24.278614026067004,173,0,6265,565.0,False
-0.35,-0.35,,0.25,89.77030913900963,139.07512086295424,89.77030913900963,-57.50282581945842,5,-24.278614026067004,173,0,6265,565.0,False
-0.25,-0.35,,0.0,89.61080178572942,135.00708271442292,89.61080178572942,-55.877487353705256,5,-25.750053291592046,173,45,7388,498.0,False
-0.2,,,0.0,95.2344120320487,88.94491668671635,88.94491668671635,-63.202338862802485,6,-21.22956590890056,173,56,11228,452.0,False
-0.15,-0.35,,0.5,158.17393078454813,86.60027470385737,86.60027470385737,-60.018539961248194,6,-20.214015145690468,173,0,16692,505.0,False
-0.3,-0.35,,0.25,82.76541823527947,139.07512086295424,82.76541823527947,-57.5028258194584,5,-28.608315095364645,173,0,6993,553.0,False
-0.1,-0.35,,0.5,177.8695175885033,81.49326274161375,81.49326274161375,-60.26871620708653,6,-18.48222271348716,173,0,18841,487.0,False
-0.1,,,0.5,158.78789554791933,81.49326274161375,81.49326274161375,-62.99710954473314,6,-18.48222271348716,173,0,17923,503.0,False
-0.3,,,0.5,79.39799691958274,151.70664554063333,79.39799691958274,-66.66871846765488,5,-27.679711223147365,173,0,3624,638.0,False
-0.25,,,0.25,78.8655494420785,151.70664554063333,78.8655494420785,-65.61521440029088,5,-25.39387896958043,173,0,6064,580.0,False
-0.2,-0.35,,0.0,125.08692345299673,76.40930206229616,76.40930206229616,-59.386862076048885,6,-21.22956590890056,173,68,12543,404.0,False
,-0.35,,0.0,74.48006128963729,135.00708271442292,74.48006128963729,-55.87748735370523,5,-32.89967587454687,173,38,6265,526.0,False
-0.35,-0.35,,0.0,74.48006128963729,135.00708271442292,74.48006128963729,-55.87748735370523,5,-32.89967587454687,173,38,6265,526.0,False
-0.3,-0.35,,0.0,65.94601119493954,135.00708271442292,65.94601119493954,-55.877487353705234,5,-30.47539945376092,173,42,6993,510.0,False
-0.25,,,0.0,61.24158290625967,151.70664554063333,61.24158290625967,-65.71769624352989,5,-25.750053291592046,173,33,6064,546.0,False
-0.15,-0.35,,0.25,165.47935766338347,60.66492557279071,60.66492557279071,-63.276208429344194,7,-17.859337374855578,173,0,16692,416.5,False
-0.2,-0.3,-0.55,0.5,146.1471935009682,60.635429737062,60.635429737062,-58.858086176655775,6,-22.30561053428125,173,0,16015,512.0,False
-0.1,-0.35,-0.55,0.5,177.8695175885033,60.352151088570196,60.352151088570196,-58.12568409573026,6,-18.48222271348716,173,0,20206,473.0,False
-0.15,-0.3,-0.55,0.5,166.90785777532548,60.31213504088162,60.31213504088162,-57.38348698100963,6,-20.214015145690468,173,0,17746,495.0,False
-0.15,,,0.5,140.44482753235874,58.93118460852025,58.93118460852025,-68.28545075959441,6,-20.214015145690468,173,0,15728,523.0,False
-0.25,-0.3,-0.55,0.5,131.75565447352713,55.046352163986526,55.046352163986526,-59.387756790687284,6,-24.557659018865984,173,0,15143,522.0,False
,-0.3,-0.55,0.5,120.4866932472012,55.046352163986526,55.046352163986526,-59.38775679068738,6,-26.8665399542786,173,0,15003,524.0,False
-0.3,-0.3,-0.55,0.5,120.4866932472012,55.046352163986526,55.046352163986526,-59.38775679068738,6,-26.8665399542786,173,0,15003,524.0,False
-0.35,-0.3,-0.55,0.5,120.4866932472012,55.046352163986526,55.046352163986526,-59.38775679068738,6,-26.8665399542786,173,0,15003,524.0,False
-0.15,-0.35,-0.55,0.5,158.17393078454813,54.597856472712,54.597856472712,-59.714328723390196,6,-20.214015145690468,173,0,18856,487.0,False
-0.1,-0.35,,0.25,196.4309447752382,54.114471465815186,54.114471465815186,-63.62035668516661,8,-15.170524692931785,173,0,18841,389.5,False
-0.1,,,0.25,166.42692721621043,54.114471465815186,54.114471465815186,-67.30261549130121,8,-15.170524692931785,173,0,17923,413.5,False
-0.3,,,0.25,53.77600071906687,151.70664554063333,53.77600071906687,-67.32990673025867,5,-29.114319311677363,173,0,3624,616.0,False
-0.2,,-0.25,0.5,167.25007743255853,52.74989146747415,52.74989146747415,-49.656558038650765,4,-22.30561053428125,173,0,23211,436.0,False
-0.2,-0.35,-0.25,0.5,167.25007743255853,52.74989146747415,52.74989146747415,-49.656558038650765,4,-22.30561053428125,173,0,23211,436.0,False
-0.1,-0.3,-0.25,0.5,99.30721815660478,52.74989146747415,52.74989146747415,-49.6565580386508,5,-17.252496630257774,173,0,25424,413.0,False
-0.2,-0.25,-0.25,0.5,122.54611626136355,52.74989146747415,52.74989146747415,-49.6565580386508,4,-22.30561053428125,173,0,24275,422.0,False
-0.2,-0.3,-0.25,0.5,107.25497137415255,52.74989146747415,52.74989146747415,-49.6565580386508,4,-22.30561053428125,173,0,24244,422.0,False
,-0.25,-0.25,0.5,88.17229602271037,52.74989146747415,52.74989146747415,-49.656558038650815,5,-24.289153568921172,173,0,24130,428.0,False
-0.1,,-0.25,0.5,157.00164937931766,52.74989146747415,52.74989146747415,-49.656558038650815,5,-17.252496630257774,173,0,24391,427.0,False
-0.1,-0.35,-0.25,0.5,157.00164937931766,52.74989146747415,52.74989146747415,-49.656558038650815,5,-17.252496630257774,173,0,24391,427.0,False
-0.15,-0.3,-0.25,0.5,96.34752327193323,52.74989146747415,52.74989146747415,-49.656558038650815,5,-19.647272413695628,173,0,24812,415.0,False
-0.25,-0.25,-0.25,0.5,88.17229602271037,52.74989146747415,52.74989146747415,-49.656558038650815,5,-24.289153568921172,173,0,24130,428.0,False
-0.25,-0.3,-0.25,0.5,75.07231505022898,52.74989146747415,52.74989146747415,-49.656558038650815,5,-25.224447384772176,173,0,24094,428.0,False
-0.3,-0.25,-0.25,0.5,88.17229602271037,52.74989146747415,52.74989146747415,-49.656558038650815,5,-24.289153568921172,173,0,24130,428.0,False
-0.35,-0.25,-0.25,0.5,88.17229602271037,52.74989146747415,52.74989146747415,-49.656558038650815,5,-24.289153568921172,173,0,24130,428.0,False
-0.1,-0.25,-0.25,0.5,114.01198267777892,52.74989146747415,52.74989146747415,-49.656558038650864,5,-17.252496630257774,173,0,25455,413.0,False
-0.15,,-0.25,0.5,153.1851972003381,52.74989146747415,52.74989146747415,-49.656558038650864,5,-19.647272413695628,173,0,23779,429.0,False
-0.15,-0.25,-0.25,0.5,110.83392331671686,52.74989146747415,52.74989146747415,-49.656558038650864,5,-19.647272413695628,173,0,24843,415.0,False
-0.15,-0.35,-0.25,0.5,153.1851972003381,52.74989146747415,52.74989146747415,-49.656558038650864,5,-19.647272413695628,173,0,23779,429.0,False
-0.25,,-0.25,0.5,125.75135082769874,52.74989146747415,52.74989146747415,-49.65655803865088,5,-25.224447384772176,173,0,23061,442.0,False
-0.25,-0.35,-0.25,0.5,125.75135082769874,52.74989146747415,52.74989146747415,-49.65655803865088,5,-25.224447384772176,173,0,23061,442.0,False
-0.1,,-0.35,0.5,172.08265736600703,52.45781695308742,52.45781695308742,-56.34877184257198,5,-17.252496630257774,173,0,23758,436.0,False
-0.15,,-0.35,0.5,158.28433076767237,52.45781695308742,52.45781695308742,-56.34877184257216,5,-19.647272413695628,173,0,23114,438.0,False
-0.3,,-0.35,0.5,145.34121271064433,52.45781695308742,52.45781695308742,-56.34877184257219,4,-27.063343698705268,173,0,21003,461.0,False
,,-0.35,0.5,139.82891785795766,52.45781695308742,52.45781695308742,-56.34877184257221,5,-23.87237422395151,173,0,20269,469.0,False
-0.2,,-0.35,0.5,142.37379818650885,52.45781695308742,52.45781695308742,-56.34877184257221,5,-22.30561053428125,173,0,23030,438.0,False
-0.35,,-0.35,0.5,139.82891785795766,52.45781695308742,52.45781695308742,-56.34877184257221,5,-23.87237422395151,173,0,20269,469.0,False
-0.25,,-0.35,0.5,142.5004743109671,52.45781695308742,52.45781695308742,-56.34877184257223,5,-24.557659018865984,173,0,21667,450.0,False
-0.1,-0.15,,0.5,72.42999935123919,50.11985209222922,50.11985209222922,-42.693266835770615,7,-17.252496630257774,173,0,24460,409.0,False
-0.1,-0.15,-0.45,0.5,72.42999935123919,50.11985209222922,50.11985209222922,-42.693266835770615,7,-17.252496630257774,173,0,24460,409.0,False
-0.1,-0.15,-0.55,0.5,72.42999935123919,50.11985209222922,50.11985209222922,-42.693266835770615,7,-17.252496630257774,173,0,24460,409.0,False
-0.15,-0.2,-0.25,0.5,126.48978249825906,49.35708063677331,49.35708063677331,-47.6034817814877,5,-19.647272413695628,173,0,25426,407.0,False
,-0.2,-0.25,0.5,126.03939831869528,49.35708063677331,49.35708063677331,-47.60348178148771,4,-21.91522650189608,173,0,25397,407.0,False
-0.2,-0.2,-0.25,0.5,126.03939831869528,49.35708063677331,49.35708063677331,-47.60348178148771,4,-21.91522650189608,173,0,25397,407.0,False
-0.25,-0.2,-0.25,0.5,126.03939831869528,49.35708063677331,49.35708063677331,-47.60348178148771,4,-21.91522650189608,173,0,25397,407.0,False
-0.3,-0.2,-0.25,0.5,126.03939831869528,49.35708063677331,49.35708063677331,-47.60348178148771,4,-21.91522650189608,173,0,25397,407.0,False
-0.35,-0.2,-0.25,0.5,126.03939831869528,49.35708063677331,49.35708063677331,-47.60348178148771,4,-21.91522650189608,173,0,25397,407.0,False
-0.1,-0.2,-0.25,0.5,129.90383447874714,49.35708063677331,49.35708063677331,-47.60348178148778,5,-17.252496630257774,173,0,26038,405.0,False
-0.2,-0.25,,0.5,78.37631706854589,48.92230196196539,48.92230196196539,-53.28633527866702,6,-22.30561053428125,173,0,18243,477.0,False
-0.2,-0.25,-0.55,0.5,78.37631706854589,48.92230196196539,48.92230196196539,-53.28633527866702,6,-22.30561053428125,173,0,18243,477.0,False
,-0.25,,0.5,72.19558238646984,48.41150738816174,48.41150738816174,-53.44656035004841,6,-24.289153568921172,173,0,15621,495.0,False
,-0.25,-0.55,0.5,72.19558238646984,48.41150738816174,48.41150738816174,-53.44656035004841,6,-24.289153568921172,173,0,15621,495.0,False
-0.25,-0.25,,0.5,72.19558238646984,48.41150738816174,48.41150738816174,-53.44656035004841,6,-24.289153568921172,173,0,15621,495.0,False
-0.25,-0.25,-0.55,0.5,72.19558238646984,48.41150738816174,48.41150738816174,-53.44656035004841,6,-24.289153568921172,173,0,15621,495.0,False
-0.3,-0.25,,0.5,72.19558238646984,48.41150738816174,48.41150738816174,-53.44656035004841,6,-24.289153568921172,173,0,15621,495.0,False
-0.3,-0.25,-0.55,0.5,72.19558238646984,48.41150738816174,48.41150738816174,-53.44656035004841,6,-24.289153568921172,173,0,15621,495.0,False
-0.35,-0.25,,0.5,72.19558238646984,48.41150738816174,48.41150738816174,-53.44656035004841,6,-24.289153568921172,173,0,15621,495.0,False
-0.35,-0.25,-0.55,0.5,72.19558238646984,48.41150738816174,48.41150738816174,-53.44656035004841,6,-24.289153568921172,173,0,15621,495.0,False
-0.15,-0.25,,0.5,90.8780131406085,48.113235196213246,48.113235196213246,-53.54012180449015,6,-19.647272413695628,173,0,19492,467.0,False
-0.15,-0.25,-0.55,0.5,90.8780131406085,48.113235196213246,48.113235196213246,-53.54012180449015,6,-19.647272413695628,173,0,19492,467.0,False
,-0.15,,0.5,67.32733339584284,45.6366375807147,45.6366375807147,-44.404688570795436,7,-19.436869323581263,173,0,23254,413.0,False
,-0.15,-0.45,0.5,67.32733339584284,45.6366375807147,45.6366375807147,-44.404688570795436,7,-19.436869323581263,173,0,23254,413.0,False
,-0.15,-0.55,0.5,67.32733339584284,45.6366375807147,45.6366375807147,-44.404688570795436,7,-19.436869323581263,173,0,23254,413.0,False
-0.15,-0.15,,0.5,67.32733339584284,45.6366375807147,45.6366375807147,-44.404688570795436,7,-19.436869323581263,173,0,23254,413.0,False
-0.15,-0.15,-0.45,0.5,67.32733339584284,45.6366375807147,45.6366375807147,-44.404688570795436,7,-19.436869323581263,173,0,23254,413.0,False
-0.15,-0.15,-0.55,0.5,67.32733339584284,45.6366375807147,45.6366375807147,-44.404688570795436,7,-19.436869323581263,173,0,23254,413.0,False
-0.2,-0.15,,0.5,67.32733339584284,45.6366375807147,45.6366375807147,-44.404688570795436,7,-19.436869323581263,173,0,23254,413.0,False
-0.2,-0.15,-0.45,0.5,67.32733339584284,45.6366375807147,45.6366375807147,-44.404688570795436,7,-19.436869323581263,173,0,23254,413.0,False
-0.2,-0.15,-0.55,0.5,67.32733339584284,45.6366375807147,45.6366375807147,-44.404688570795436,7,-19.436869323581263,173,0,23254,413.0,False
-0.25,-0.15,,0.5,67.32733339584284,45.6366375807147,45.6366375807147,-44.404688570795436,7,-19.436869323581263,173,0,23254,413.0,False
-0.25,-0.15,-0.45,0.5,67.32733339584284,45.6366375807147,45.6366375807147,-44.404688570795436,7,-19.436869323581263,173,0,23254,413.0,False
-0.25,-0.15,-0.55,0.5,67.32733339584284,45.6366375807147,45.6366375807147,-44.404688570795436,7,-19.436869323581263,173,0,23254,413.0,False
-0.3,-0.15,,0.5,67.32733339584284,45.6366375807147,45.6366375807147,-44.404688570795436,7,-19.436869323581263,173,0,23254,413.0,False
-0.3,-0.15,-0.45,0.5,67.32733339584284,45.6366375807147,45.6366375807147,-44.404688570795436,7,-19.436869323581263,173,0,23254,413.0,False
-0.3,-0.15,-0.55,0.5,67.32733339584284,45.6366375807147,45.6366375807147,-44.404688570795436,7,-19.436869323581263,173,0,23254,413.0,False
-0.35,-0.15,,0.5,67.32733339584284,45.6366375807147,45.6366375807147,-44.404688570795436,7,-19.436869323581263,173,0,23254,413.0,False
-0.35,-0.15,-0.45,0.5,67.32733339584284,45.6366375807147,45.6366375807147,-44.404688570795436,7,-19.436869323581263,173,0,23254,413.0,False
-0.35,-0.15,-0.55,0.5,67.32733339584284,45.6366375807147,45.6366375807147,-44.404688570795436,7,-19.436869323581263,173,0,23254,413.0,False
-0.3,,-0.25,0.5,44.98723692302811,52.74989146747415,44.98723692302811,-49.65655803865071,5,-26.970487556353007,173,0,24251,426.0,False
-0.3,-0.35,-0.25,0.5,44.98723692302811,52.74989146747415,44.98723692302811,-49.65655803865071,5,-26.970487556353007,173,0,24251,426.0,False
-0.1,-0.35,-0.35,0.5,190.90183061062422,42.77215756721455,42.77215756721455,-54.39464091943049,5,-17.252496630257774,173,0,23724,437.0,False
-0.15,-0.35,-0.35,0.5,176.14911352943508,42.77215756721455,42.77215756721455,-54.39464091943049,5,-19.647272413695628,173,0,23080,439.0,False
,-0.35,-0.35,0.5,156.41719289882707,42.77215756721455,42.77215756721455,-54.394640919430735,5,-23.87237422395151,173,0,20235,470.0,False
-0.3,-0.35,-0.35,0.5,162.31075729957092,42.77215756721455,42.77215756721455,-54.394640919430735,4,-27.063343698705268,173,0,20969,462.0,False
-0.35,-0.35,-0.35,0.5,156.41719289882707,42.77215756721455,42.77215756721455,-54.394640919430735,5,-23.87237422395151,173,0,20235,470.0,False
-0.2,-0.35,-0.35,0.5,159.13809526514234,42.77215756721455,42.77215756721455,-54.39464091943075,5,-22.30561053428125,173,0,22996,439.0,False
-0.25,-0.35,-0.35,0.5,159.273533212038,42.77215756721455,42.77215756721455,-54.394640919430785,5,-24.557659018865984,173,0,21633,451.0,False
,-0.15,-0.35,0.5,67.32733339584284,40.34975517306157,40.34975517306157,-43.101646775615485,7,-19.436869323581263,173,0,25860,393.0,False
-0.15,-0.15,-0.35,0.5,67.32733339584284,40.34975517306157,40.34975517306157,-43.101646775615485,7,-19.436869323581263,173,0,25860,393.0,False
-0.2,-0.15,-0.35,0.5,67.32733339584284,40.34975517306157,40.34975517306157,-43.101646775615485,7,-19.436869323581263,173,0,25860,393.0,False
-0.25,-0.15,-0.35,0.5,67.32733339584284,40.34975517306157,40.34975517306157,-43.101646775615485,7,-19.436869323581263,173,0,25860,393.0,False
-0.3,-0.15,-0.35,0.5,67.32733339584284,40.34975517306157,40.34975517306157,-43.101646775615485,7,-19.436869323581263,173,0,25860,393.0,False
-0.35,-0.15,-0.35,0.5,67.32733339584284,40.34975517306157,40.34975517306157,-43.101646775615485,7,-19.436869323581263,173,0,25860,393.0,False
,,-0.25,0.5,40.30632050905947,52.74989146747415,40.30632050905947,-49.65655803865071,4,-29.50488040414968,173,0,25098,412.0,False
,-0.35,-0.25,0.5,40.30632050905947,52.74989146747415,40.30632050905947,-49.65655803865071,4,-29.50488040414968,173,0,25098,412.0,False
-0.35,,-0.25,0.5,40.30632050905947,52.74989146747415,40.30632050905947,-49.65655803865071,4,-29.50488040414968,173,0,25098,412.0,False
-0.35,-0.35,-0.25,0.5,40.30632050905947,52.74989146747415,40.30632050905947,-49.65655803865071,4,-29.50488040414968,173,0,25098,412.0,False
-0.1,-0.2,,0.5,123.20095613791118,39.661612860137275,39.661612860137275,-53.87396528693019,6,-17.252496630257774,173,0,21862,443.0,False
-0.1,-0.2,-0.55,0.5,123.20095613791118,39.661612860137275,39.661612860137275,-53.87396528693019,6,-17.252496630257774,173,0,21862,443.0,False
-0.15,-0.3,-0.35,0.5,183.92789888499803,38.68349891307854,38.68349891307854,-53.00151217143212,5,-19.647272413695628,173,0,23057,439.0,False
,-0.3,-0.35,0.5,169.7172846351856,38.68349891307854,38.68349891307854,-53.001512171432175,4,-26.8665399542786,173,0,21028,460.0,False
-0.3,-0.3,-0.35,0.5,169.7172846351856,38.68349891307854,38.68349891307854,-53.001512171432175,4,-26.8665399542786,173,0,21028,460.0,False
-0.35,-0.3,-0.35,0.5,169.7172846351856,38.68349891307854,38.68349891307854,-53.001512171432175,4,-26.8665399542786,173,0,21028,460.0,False
-0.25,-0.3,-0.35,0.5,166.5769539525862,38.68349891307854,38.68349891307854,-53.00151217143225,5,-24.557659018865984,173,0,21610,451.0,False
-0.2,-0.3,-0.35,0.5,166.4377008831126,38.68349891307854,38.68349891307854,-53.001512171432275,5,-22.30561053428125,173,0,22973,439.0,False
-0.1,-0.3,-0.35,0.5,199.0961821004369,38.54724596928922,38.54724596928922,-53.0015121714321,5,-17.252496630257774,173,0,23656,437.0,False
-0.15,-0.35,,0.0,172.99150278723997,38.334299615995015,38.334299615995015,-66.26844377324423,7,-16.249895291949034,173,87,16692,328.0,False
-0.15,-0.3,-0.55,0.25,179.06425832737943,38.181536579099614,38.181536579099614,-56.2636890932063,7,-17.859337374855578,173,0,17970,398.5,False
-0.15,-0.3,,0.5,166.90785777532548,37.84280681863561,37.84280681863561,-57.30829548742775,6,-20.214015145690468,173,0,17732,489.0,False
-0.1,-0.25,-0.35,0.5,106.2414910243954,37.51855359446139,37.51855359446139,-53.08279142855431,5,-17.252496630257774,173,0,25331,415.0,False
-0.15,-0.25,-0.35,0.5,95.78221560114063,37.157316488400085,37.157316488400085,-53.0827914285543,5,-19.647272413695628,173,0,24682,417.0,False
-0.2,-0.25,-0.35,0.5,83.72186602098637,37.157316488400085,37.157316488400085,-53.08279142855431,5,-22.30561053428125,173,0,24598,417.0,False
,-0.25,-0.35,0.5,83.59896594156982,37.157316488400085,37.157316488400085,-53.08279142855432,5,-24.289153568921172,173,0,23349,427.0,False
-0.25,-0.25,-0.35,0.5,83.59896594156982,37.157316488400085,37.157316488400085,-53.08279142855432,5,-24.289153568921172,173,0,23349,427.0,False
-0.3,-0.25,-0.35,0.5,83.59896594156982,37.157316488400085,37.157316488400085,-53.08279142855432,5,-24.289153568921172,173,0,23349,427.0,False
-0.35,-0.25,-0.35,0.5,83.59896594156982,37.157316488400085,37.157316488400085,-53.08279142855432,5,-24.289153568921172,173,0,23349,427.0,False
-0.1,-0.25,-0.45,0.5,101.07529130272992,35.94987542537338,35.94987542537338,-52.88240880915801,6,-18.48222271348716,173,0,24393,428.0,False
-0.1,-0.25,,0.5,101.07529130272992,34.3926156124577,34.3926156124577,-57.843979685818155,6,-18.48222271348716,173,0,21564,449.0,False
-0.2,-0.3,,0.5,146.1471935009682,34.169550499690374,34.169550499690374,-58.99228282836808,6,-22.30561053428125,173,0,15455,511.0,False
-0.15,-0.2,-0.35,0.5,111.88160296903753,34.05153416946827,34.05153416946827,-49.86229039260094,6,-19.647272413695628,173,0,24955,409.0,False
-0.1,-0.2,-0.35,0.5,123.20095613791118,34.05153416946827,34.05153416946827,-49.86229039260106,6,-17.252496630257774,173,0,25599,407.0,False
,-0.15,-0.25,0.5,70.0253215805485,33.25691190256248,33.25691190256248,-40.51315566203859,7,-19.436869323581263,173,0,27127,381.0,False
-0.15,-0.15,-0.25,0.5,70.0253215805485,33.25691190256248,33.25691190256248,-40.51315566203859,7,-19.436869323581263,173,0,27127,381.0,False
-0.2,-0.15,-0.25,0.5,70.0253215805485,33.25691190256248,33.25691190256248,-40.51315566203859,7,-19.436869323581263,173,0,27127,381.0,False
-0.25,-0.15,-0.25,0.5,70.0253215805485,33.25691190256248,33.25691190256248,-40.51315566203859,7,-19.436869323581263,173,0,27127,381.0,False
-0.3,-0.15,-0.25,0.5,70.0253215805485,33.25691190256248,33.25691190256248,-40.51315566203859,7,-19.436869323581263,173,0,27127,381.0,False
-0.35,-0.15,-0.25,0.5,70.0253215805485,33.25691190256248,33.25691190256248,-40.51315566203859,7,-19.436869323581263,173,0,27127,381.0,False
-0.1,-0.15,-0.25,0.5,72.42999935123919,33.25691190256248,33.25691190256248,-40.51315566203865,7,-17.252496630257774,173,0,27743,379.0,False
-0.1,-0.25,-0.55,0.5,101.07529130272992,33.00283496033012,33.00283496033012,-56.50606556071096,6,-18.48222271348716,173,0,21935,445.0,False
-0.3,,,0.0,31.813391471425035,151.70664554063333,31.813391471425035,-67.97797908796748,5,-30.520469267607442,173,21,3624,594.0,False
,-0.3,,0.5,120.4866932472012,31.585444532739192,31.585444532739192,-59.782091590785335,6,-26.8665399542786,173,0,12373,537.0,False
-0.3,-0.3,,0.5,120.4866932472012,31.585444532739192,31.585444532739192,-59.782091590785335,6,-26.8665399542786,173,0,12373,537.0,False
-0.35,-0.3,,0.5,120.4866932472012,31.585444532739192,31.585444532739192,-59.782091590785335,6,-26.8665399542786,173,0,12373,537.0,False
-0.25,-0.3,,0.5,131.75565447352713,31.585444532739192,31.585444532739192,-59.78209159078539,6,-24.557659018865984,173,0,12513,535.0,False
-0.15,-0.2,,0.5,111.88160296903753,31.511575944591108,31.511575944591108,-56.56567761919242,6,-19.647272413695628,173,0,20577,447.0,False
-0.2,,-0.35,0.25,167.51817823163626,30.93172347502651,30.93172347502651,-46.68055345838471,5,-21.510177909602913,173,0,23072,314.5,False
-0.1,,-0.35,0.25,212.77500781109512,30.93172347502651,30.93172347502651,-46.68055345838478,5,-13.729720287805701,173,0,23798,311.5,False
-0.15,,-0.35,0.25,189.2862837289484,30.93172347502651,30.93172347502651,-46.68055345838478,5,-17.447583121745446,173,0,23154,314.5,False
-0.1,-0.35,,0.0,216.23225815819347,30.865851196920158,30.865851196920158,-66.68926041723971,8,-11.724287383592769,173,96,18841,292.0,False
-0.1,,,0.0,174.29145167544365,30.865851196920158,30.865851196920158,-71.10715026432462,8,-11.724287383592769,173,88,17923,324.0,False
,-0.2,-0.35,0.5,104.29414536574879,30.222018262318826,30.222018262318826,-49.86229039260092,6,-21.91522650189608,173,0,24553,415.0,False
-0.2,-0.2,-0.35,0.5,104.29414536574879,30.222018262318826,30.222018262318826,-49.86229039260092,6,-21.91522650189608,173,0,24553,415.0,False
-0.25,-0.2,-0.35,0.5,104.29414536574879,30.222018262318826,30.222018262318826,-49.86229039260092,6,-21.91522650189608,173,0,24553,415.0,False
-0.3,-0.2,-0.35,0.5,104.29414536574879,30.222018262318826,30.222018262318826,-49.86229039260092,6,-21.91522650189608,173,0,24553,415.0,False
-0.35,-0.2,-0.35,0.5,104.29414536574879,30.222018262318826,30.222018262318826,-49.86229039260092,6,-21.91522650189608,173,0,24553,415.0,False
-0.1,,-0.45,0.5,169.40026250011405,30.206191504223987,30.206191504223987,-58.09306920184299,5,-17.252496630257774,173,0,22432,455.0,False
,,-0.45,0.5,100.86431042880784,30.17250665234179,30.17250665234179,-58.09306920184309,5,-23.87237422395151,173,0,18467,498.0,False
-0.3,,-0.45,0.5,115.31491757579472,30.17250665234179,30.17250665234179,-58.09306920184309,5,-27.063343698705268,173,0,20077,475.0,False
-0.35,,-0.45,0.5,100.86431042880784,30.17250665234179,30.17250665234179,-58.09306920184309,5,-23.87237422395151,173,0,18467,498.0,False
-0.15,,-0.45,0.5,155.73797015248684,30.17250665234179,30.17250665234179,-58.093069201843164,5,-19.647272413695628,173,0,21808,457.0,False
-0.25,,-0.45,0.5,125.01524938132933,30.17250665234179,30.17250665234179,-58.09306920184317,5,-24.557659018865984,173,0,20181,473.0,False
-0.2,,-0.45,0.5,138.9882234198579,30.17250665234179,30.17250665234179,-58.09306920184321,5,-22.30561053428125,173,0,21723,459.0,False
-0.1,-0.3,,0.5,187.2697388742295,29.806507287766305,29.806507287766305,-58.92462181753042,6,-18.48222271348716,173,0,19866,471.0,False
-0.3,-0.35,-0.45,0.5,117.51240439036157,28.840226057152265,28.840226057152265,-57.52811917499141,6,-27.063343698705268,173,0,20852,463.0,False
,-0.35,-0.45,0.5,118.36836402691718,28.840226057152265,28.840226057152265,-57.52811917499143,6,-23.87237422395151,173,0,20011,473.0,False
-0.25,-0.35,-0.45,0.5,127.3117370058706,28.840226057152265,28.840226057152265,-57.52811917499143,6,-24.557659018865984,173,0,20956,461.0,False
-0.35,-0.35,-0.45,0.5,118.36836402691718,28.840226057152265,28.840226057152265,-57.52811917499143,6,-23.87237422395151,173,0,20011,473.0,False
-0.2,-0.35,-0.35,0.25,173.00457429916483,28.28301327911886,28.28301327911886,-45.95362094302834,5,-21.510177909602913,173,0,23064,317.5,False
-0.1,-0.35,-0.35,0.25,219.18955348503505,28.28301327911886,28.28301327911886,-45.95362094302835,5,-13.729720287805701,173,0,23790,314.5,False
-0.15,-0.35,-0.35,0.25,195.21911094813728,28.28301327911886,28.28301327911886,-45.95362094302835,5,-17.447583121745446,173,0,23146,317.5,False
,-0.2,,0.5,103.54818596689408,27.920816687900405,27.920816687900405,-57.751597520362786,6,-21.91522650189608,173,0,19598,453.0,False
-0.2,-0.2,,0.5,103.54818596689408,27.920816687900405,27.920816687900405,-57.751597520362786,6,-21.91522650189608,173,0,19598,453.0,False
-0.25,-0.2,,0.5,103.54818596689408,27.920816687900405,27.920816687900405,-57.751597520362786,6,-21.91522650189608,173,0,19598,453.0,False
-0.3,-0.2,,0.5,103.54818596689408,27.920816687900405,27.920816687900405,-57.751597520362786,6,-21.91522650189608,173,0,19598,453.0,False
-0.35,-0.2,,0.5,103.54818596689408,27.920816687900405,27.920816687900405,-57.751597520362786,6,-21.91522650189608,173,0,19598,453.0,False
-0.15,,,0.25,138.6081842947219,26.289237100698017,26.289237100698017,-74.05537760909458,8,-17.859337374855578,173,0,15728,443.5,False
-0.15,-0.35,-0.45,0.5,163.77771771957535,26.257986778938623,26.257986778938623,-56.48059381574141,5,-19.647272413695628,173,0,22499,445.0,False
-0.2,-0.35,-0.45,0.5,146.50140179793348,26.257986778938623,26.257986778938623,-56.480593815741486,5,-22.30561053428125,173,0,22414,447.0,False
-0.15,-0.2,-0.55,0.5,111.88160296903753,26.214516814811596,26.214516814811596,-56.030383383475254,6,-19.647272413695628,173,0,20829,445.0,False
-0.1,-0.35,-0.45,0.5,177.8695175885033,26.1799388728845,26.1799388728845,-56.4805938157413,6,-18.48222271348716,173,0,23122,443.0,False
,-0.2,-0.45,0.5,103.54818596689408,25.821098642893258,25.821098642893258,-51.92653789330117,6,-21.91522650189608,173,0,23765,425.0,False
-0.2,-0.2,-0.45,0.5,103.54818596689408,25.821098642893258,25.821098642893258,-51.92653789330117,6,-21.91522650189608,173,0,23765,425.0,False
-0.25,-0.2,-0.45,0.5,103.54818596689408,25.821098642893258,25.821098642893258,-51.92653789330117,6,-21.91522650189608,173,0,23765,425.0,False
-0.3,-0.2,-0.45,0.5,103.54818596689408,25.821098642893258,25.821098642893258,-51.92653789330117,6,-21.91522650189608,173,0,23765,425.0,False
-0.35,-0.2,-0.45,0.5,103.54818596689408,25.821098642893258,25.821098642893258,-51.92653789330117,6,-21.91522650189608,173,0,23765,425.0,False
-0.15,-0.2,-0.45,0.5,111.88160296903753,25.821098642893258,25.821098642893258,-51.92653789330123,6,-19.647272413695628,173,0,23814,425.0,False
-0.3,,-0.55,0.5,78.54206417339049,25.68054835872151,25.68054835872151,-64.84385500044378,6,-28.02476135994424,173,0,19115,487.0,False
,,-0.55,0.5,133.45078127312684,25.68054835872151,25.68054835872151,-64.84385500044382,5,-28.02476135994424,173,0,15962,526.0,False
-0.35,,-0.55,0.5,133.45078127312684,25.68054835872151,25.68054835872151,-64.84385500044382,5,-28.02476135994424,173,0,15962,526.0,False
-0.15,-0.3,-0.45,0.5,165.31577903781573,25.519917544032932,25.519917544032932,-57.18573386879788,6,-20.689930583686856,173,0,22483,445.0,False
-0.25,-0.3,-0.45,0.5,133.44244168904163,25.48100886341733,25.48100886341733,-57.18573386879805,6,-24.557659018865984,173,0,20871,461.0,False
,-0.3,-0.45,0.5,122.35226193841196,25.48100886341733,25.48100886341733,-57.18573386879808,6,-26.8665399542786,173,0,20852,461.0,False
-0.3,-0.3,-0.45,0.5,122.35226193841196,25.48100886341733,25.48100886341733,-57.18573386879808,6,-26.8665399542786,173,0,20852,461.0,False
-0.35,-0.3,-0.45,0.5,122.35226193841196,25.48100886341733,25.48100886341733,-57.18573386879808,6,-26.8665399542786,173,0,20852,461.0,False
-0.2,-0.3,-0.45,0.5,147.9387266571943,25.48100886341733,25.48100886341733,-57.1857338687981,6,-22.30561053428125,173,0,22413,447.0,False
,-0.2,-0.55,0.5,103.54818596689408,25.12278185250223,25.12278185250223,-56.41075144382496,6,-21.91522650189608,173,0,19972,449.0,False
-0.2,-0.2,-0.55,0.5,103.54818596689408,25.12278185250223,25.12278185250223,-56.41075144382496,6,-21.91522650189608,173,0,19972,449.0,False
-0.25,-0.2,-0.55,0.5,103.54818596689408,25.12278185250223,25.12278185250223,-56.41075144382496,6,-21.91522650189608,173,0,19972,449.0,False
-0.3,-0.2,-0.55,0.5,103.54818596689408,25.12278185250223,25.12278185250223,-56.41075144382496,6,-21.91522650189608,173,0,19972,449.0,False
-0.35,-0.2,-0.55,0.5,103.54818596689408,25.12278185250223,25.12278185250223,-56.41075144382496,6,-21.91522650189608,173,0,19972,449.0,False
-0.1,-0.15,-0.35,0.5,72.42999935123919,23.429761490040857,23.429761490040857,-45.61268874959925,7,-17.252496630257774,173,0,27575,382.0,False
-0.1,-0.3,-0.55,0.5,187.2697388742295,23.118215563430432,23.118215563430432,-57.20601047093441,6,-18.48222271348716,173,0,20611,465.0,False
-0.25,,-0.55,0.5,96.19026738242668,22.189934317738256,22.189934317738256,-63.328819767926944,5,-26.010193306543794,173,0,19375,481.0,False
-0.1,-0.3,-0.45,0.5,187.2697388742295,22.15821295439888,22.15821295439888,-54.59516077693127,6,-18.48222271348716,173,0,22771,449.0,False
-0.15,-0.25,-0.45,0.5,90.8780131406085,19.34912326020555,19.34912326020555,-54.61241844935998,7,-19.647272413695628,173,0,24011,423.0,False
,-0.25,-0.45,0.5,72.19558238646984,19.3482557616653,19.3482557616653,-54.612748352585704,7,-24.289153568921172,173,0,22663,435.0,False
-0.25,-0.25,-0.45,0.5,72.19558238646984,19.3482557616653,19.3482557616653,-54.612748352585704,7,-24.289153568921172,173,0,22663,435.0,False
-0.3,-0.25,-0.45,0.5,72.19558238646984,19.3482557616653,19.3482557616653,-54.612748352585704,7,-24.289153568921172,173,0,22663,435.0,False
-0.35,-0.25,-0.45,0.5,72.19558238646984,19.3482557616653,19.3482557616653,-54.612748352585704,7,-24.289153568921172,173,0,22663,435.0,False
-0.2,-0.25,-0.45,0.5,78.37631706854589,19.3482557616653,19.3482557616653,-54.61274835258572,7,-22.30561053428125,173,0,24006,425.0,False
-0.1,-0.2,-0.25,0.25,117.67105630691717,17.575646646042344,17.575646646042344,-36.99543288071564,5,-13.729720287805701,173,0,25703,272.5,False
-0.15,-0.2,-0.25,0.25,108.29040826720183,17.575646646042344,17.575646646042344,-36.99543288071564,5,-17.447583121745446,173,0,25076,275.5,False
,-0.2,-0.25,0.25,28.24584101873706,17.575646646042344,17.575646646042344,-36.99543288071584,5,-20.917864270037224,173,0,28305,235.0,False
-0.2,-0.2,-0.25,0.25,28.24584101873706,17.575646646042344,17.575646646042344,-36.99543288071584,5,-20.917864270037224,173,0,28305,235.0,False
-0.25,-0.2,-0.25,0.25,28.24584101873706,17.575646646042344,17.575646646042344,-36.99543288071584,5,-20.917864270037224,173,0,28305,235.0,False
-0.3,-0.2,-0.25,0.25,28.24584101873706,17.575646646042344,17.575646646042344,-36.99543288071584,5,-20.917864270037224,173,0,28305,235.0,False
-0.35,-0.2,-0.25,0.25,28.24584101873706,17.575646646042344,17.575646646042344,-36.99543288071584,5,-20.917864270037224,173,0,28305,235.0,False
-0.2,,-0.45,0.25,127.89957965704946,17.312302611841645,17.312302611841645,-53.68511653777628,5,-21.510177909602913,173,0,22219,338.5,False
,,-0.45,0.25,105.12468490634515,17.312302611841645,17.312302611841645,-53.6851165377763,5,-23.87237422395151,173,0,19215,388.0,False
-0.35,,-0.45,0.25,105.12468490634515,17.312302611841645,17.312302611841645,-53.6851165377763,5,-23.87237422395151,173,0,19215,388.0,False
-0.1,,-0.45,0.25,172.7569307142677,17.312302611841645,17.312302611841645,-53.68511653777633,5,-13.729720287805701,173,0,22948,332.5,False
-0.25,,-0.45,0.25,108.2076584799577,17.312302611841645,17.312302611841645,-53.685116537776345,5,-24.897984638097114,173,0,20677,359.5,False
-0.15,,-0.45,0.25,152.27347734669533,17.312302611841645,17.312302611841645,-53.6851165377764,5,-17.447583121745446,173,0,22304,335.5,False
-0.2,,-0.55,0.5,118.33130311569859,16.63972483280094,16.63972483280094,-63.31595062314026,5,-22.474265224901803,173,0,20888,467.0,False
-0.1,-0.15,,0.25,44.90434809767989,15.933741192540985,15.933741192540985,-38.60849257266793,8,-13.729720287805701,173,0,24460,272.5,False
-0.1,-0.15,-0.45,0.25,44.90434809767989,15.933741192540985,15.933741192540985,-38.60849257266793,8,-13.729720287805701,173,0,24460,272.5,False
-0.1,-0.15,-0.55,0.25,44.90434809767989,15.933741192540985,15.933741192540985,-38.60849257266793,8,-13.729720287805701,173,0,24460,272.5,False
-0.2,-0.25,,0.25,52.46423070643624,14.549255287929409,14.549255287929409,-54.59639553645441,7,-21.510177909602913,173,0,18243,374.5,False
-0.2,-0.25,-0.55,0.25,52.46423070643624,14.549255287929409,14.549255287929409,-54.59639553645441,7,-21.510177909602913,173,0,18243,374.5,False
,-0.25,,0.25,44.60895440023849,13.960415307739105,13.960415307739105,-54.82979258024736,7,-24.49668679879383,173,0,15621,401.5,False
,-0.25,-0.55,0.25,44.60895440023849,13.960415307739105,13.960415307739105,-54.82979258024736,7,-24.49668679879383,173,0,15621,401.5,False
-0.25,-0.25,,0.25,44.60895440023849,13.960415307739105,13.960415307739105,-54.82979258024736,7,-24.49668679879383,173,0,15621,401.5,False
-0.25,-0.25,-0.55,0.25,44.60895440023849,13.960415307739105,13.960415307739105,-54.82979258024736,7,-24.49668679879383,173,0,15621,401.5,False
-0.3,-0.25,,0.25,44.60895440023849,13.960415307739105,13.960415307739105,-54.82979258024736,7,-24.49668679879383,173,0,15621,401.5,False
-0.3,-0.25,-0.55,0.25,44.60895440023849,13.960415307739105,13.960415307739105,-54.82979258024736,7,-24.49668679879383,173,0,15621,401.5,False
-0.35,-0.25,,0.25,44.60895440023849,13.960415307739105,13.960415307739105,-54.82979258024736,7,-24.49668679879383,173,0,15621,401.5,False
-0.35,-0.25,-0.55,0.25,44.60895440023849,13.960415307739105,13.960415307739105,-54.82979258024736,7,-24.49668679879383,173,0,15621,401.5,False
-0.1,,-0.25,0.25,173.40239932400837,13.788326252951899,13.788326252951899,-39.35615714791913,5,-13.729720287805701,173,0,24833,290.5,False
-0.1,-0.3,-0.25,0.25,173.40239932400837,13.788326252951899,13.788326252951899,-39.35615714791913,5,-13.729720287805701,173,0,24833,290.5,False
-0.1,-0.35,-0.25,0.25,173.40239932400837,13.788326252951899,13.788326252951899,-39.35615714791913,5,-13.729720287805701,173,0,24833,290.5,False
-0.15,,-0.25,0.25,161.6199799027694,13.788326252951899,13.788326252951899,-39.35615714791913,5,-17.447583121745446,173,0,24206,293.5,False
-0.15,-0.3,-0.25,0.25,161.6199799027694,13.788326252951899,13.788326252951899,-39.35615714791913,5,-17.447583121745446,173,0,24206,293.5,False
-0.15,-0.35,-0.25,0.25,161.6199799027694,13.788326252951899,13.788326252951899,-39.35615714791913,5,-17.447583121745446,173,0,24206,293.5,False
-0.1,-0.25,-0.25,0.25,100.36382470885346,13.788326252951899,13.788326252951899,-39.356157147919276,5,-13.729720287805701,173,0,25845,269.5,False
-0.15,-0.25,-0.25,0.25,91.72904086862242,13.788326252951899,13.788326252951899,-39.356157147919305,5,-17.447583121745446,173,0,25218,272.5,False
-0.25,,-0.25,0.25,22.945391409417894,13.788326252951899,13.788326252951899,-39.35615714791941,5,-25.396124691052325,173,0,26937,247.0,False
-0.25,-0.3,-0.25,0.25,22.945391409417894,13.788326252951899,13.788326252951899,-39.35615714791941,5,-25.396124691052325,173,0,26937,247.0,False
-0.25,-0.35,-0.25,0.25,22.945391409417894,13.788326252951899,13.788326252951899,-39.35615714791941,5,-25.396124691052325,173,0,26937,247.0,False
,,-0.25,0.25,37.818098598627635,13.788326252951899,13.788326252951899,-39.356157147919454,5,-27.297516119704625,173,0,26708,247.0,False
,-0.25,-0.25,0.25,37.80109347845146,13.788326252951899,13.788326252951899,-39.356157147919454,5,-24.49668679879383,173,0,26836,247.0,False
,-0.3,-0.25,0.25,37.818098598627635,13.788326252951899,13.788326252951899,-39.356157147919454,5,-27.297516119704625,173,0,26708,247.0,False
,-0.35,-0.25,0.25,37.818098598627635,13.788326252951899,13.788326252951899,-39.356157147919454,5,-27.297516119704625,173,0,26708,247.0,False
-0.25,-0.25,-0.25,0.25,37.80109347845146,13.788326252951899,13.788326252951899,-39.356157147919454,5,-24.49668679879383,173,0,26836,247.0,False
-0.3,,-0.25,0.25,37.818098598627635,13.788326252951899,13.788326252951899,-39.356157147919454,5,-27.297516119704625,173,0,26708,247.0,False
-0.3,-0.25,-0.25,0.25,37.80109347845146,13.788326252951899,13.788326252951899,-39.356157147919454,5,-24.49668679879383,173,0,26836,247.0,False
-0.3,-0.3,-0.25,0.25,37.818098598627635,13.788326252951899,13.788326252951899,-39.356157147919454,5,-27.297516119704625,173,0,26708,247.0,False
-0.3,-0.35,-0.25,0.25,37.818098598627635,13.788326252951899,13.788326252951899,-39.356157147919454,5,-27.297516119704625,173,0,26708,247.0,False
-0.35,,-0.25,0.25,37.818098598627635,13.788326252951899,13.788326252951899,-39.356157147919454,5,-27.297516119704625,173,0,26708,247.0,False
-0.35,-0.25,-0.25,0.25,37.80109347845146,13.788326252951899,13.788326252951899,-39.356157147919454,5,-24.49668679879383,173,0,26836,247.0,False
-0.35,-0.3,-0.25,0.25,37.818098598627635,13.788326252951899,13.788326252951899,-39.356157147919454,5,-27.297516119704625,173,0,26708,247.0,False
-0.35,-0.35,-0.25,0.25,37.818098598627635,13.788326252951899,13.788326252951899,-39.356157147919454,5,-27.297516119704625,173,0,26708,247.0,False
-0.2,,-0.25,0.25,37.817465373674096,13.788326252951899,13.788326252951899,-39.35615714791947,5,-21.510177909602913,173,0,27913,236.5,False
-0.2,-0.25,-0.25,0.25,37.817465373674096,13.788326252951899,13.788326252951899,-39.35615714791947,5,-21.510177909602913,173,0,27913,236.5,False
-0.2,-0.3,-0.25,0.25,37.817465373674096,13.788326252951899,13.788326252951899,-39.35615714791947,5,-21.510177909602913,173,0,27913,236.5,False
-0.2,-0.35,-0.25,0.25,37.817465373674096,13.788326252951899,13.788326252951899,-39.35615714791947,5,-21.510177909602913,173,0,27913,236.5,False
-0.15,-0.25,,0.25,68.77030536511448,13.617037568844847,13.617037568844847,-54.965896363717135,7,-17.447583121745446,173,0,19492,359.5,False
-0.15,-0.25,-0.55,0.25,68.77030536511448,13.617037568844847,13.617037568844847,-54.965896363717135,7,-17.447583121745446,173,0,19492,359.5,False
-0.15,,-0.55,0.5,140.44482753235874,13.355932681593142,13.355932681593142,-63.322753185511885,7,-20.214015145690468,173,0,21355,463.0,False
-0.1,-0.2,-0.45,0.5,123.20095613791118,12.856433473785689,12.856433473785689,-54.60821740180766,7,-17.252496630257774,173,0,25402,409.0,False
,-0.3,-0.25,0.5,12.43897822885649,52.74989146747415,12.43897822885649,-49.65655803865069,5,-26.970487556353007,173,0,25284,412.0,False
-0.3,-0.3,-0.25,0.5,12.43897822885649,52.74989146747415,12.43897822885649,-49.65655803865069,5,-26.970487556353007,173,0,25284,412.0,False
-0.35,-0.3,-0.25,0.5,12.43897822885649,52.74989146747415,12.43897822885649,-49.65655803865069,5,-26.970487556353007,173,0,25284,412.0,False
-0.2,-0.3,-0.35,0.25,189.48210538263305,11.696919387673276,11.696919387673276,-44.702958654319715,5,-21.510177909602913,173,0,22954,314.5,False
-0.1,-0.3,-0.35,0.25,238.4546365063348,11.696919387673276,11.696919387673276,-44.70295865431977,5,-13.729720287805701,173,0,23680,311.5,False
-0.15,-0.3,-0.35,0.25,213.0374280571802,11.696919387673276,11.696919387673276,-44.70295865431978,5,-17.447583121745446,173,0,23036,314.5,False
,-0.35,-0.55,0.5,106.40049048890457,11.450015178531125,11.450015178531125,-63.32097557610743,7,-24.426968221888366,173,0,19268,480.0,False
-0.25,-0.35,-0.55,0.5,115.16387632270688,11.450015178531125,11.450015178531125,-63.32097557610743,7,-24.557659018865984,173,0,20391,466.0,False
-0.3,-0.35,-0.55,0.5,101.28955111477391,11.450015178531125,11.450015178531125,-63.32097557610743,7,-27.063343698705268,173,0,19996,472.0,False
-0.35,-0.35,-0.55,0.5,106.40049048890457,11.450015178531125,11.450015178531125,-63.32097557610743,7,-24.426968221888366,173,0,19268,480.0,False
-0.1,,-0.55,0.5,158.78789554791933,10.9708502960167,10.9708502960167,-62.866014227198754,6,-18.48222271348716,173,0,22152,459.0,False
,-0.15,,0.25,38.52000946288305,10.779301972190169,10.779301972190169,-41.33797227741033,8,-17.123126513155572,173,0,23254,278.5,False
,-0.15,-0.45,0.25,38.52000946288305,10.779301972190169,10.779301972190169,-41.33797227741033,8,-17.123126513155572,173,0,23254,278.5,False
,-0.15,-0.55,0.25,38.52000946288305,10.779301972190169,10.779301972190169,-41.33797227741033,8,-17.123126513155572,173,0,23254,278.5,False
-0.15,-0.15,,0.25,38.52000946288305,10.779301972190169,10.779301972190169,-41.33797227741033,8,-17.123126513155572,173,0,23254,278.5,False
-0.15,-0.15,-0.45,0.25,38.52000946288305,10.779301972190169,10.779301972190169,-41.33797227741033,8,-17.123126513155572,173,0,23254,278.5,False
-0.15,-0.15,-0.55,0.25,38.52000946288305,10.779301972190169,10.779301972190169,-41.33797227741033,8,-17.123126513155572,173,0,23254,278.5,False
-0.2,-0.15,,0.25,38.52000946288305,10.779301972190169,10.779301972190169,-41.33797227741033,8,-17.123126513155572,173,0,23254,278.5,False
-0.2,-0.15,-0.45,0.25,38.52000946288305,10.779301972190169,10.779301972190169,-41.33797227741033,8,-17.123126513155572,173,0,23254,278.5,False
-0.2,-0.15,-0.55,0.25,38.52000946288305,10.779301972190169,10.779301972190169,-41.33797227741033,8,-17.123126513155572,173,0,23254,278.5,False
-0.25,-0.15,,0.25,38.52000946288305,10.779301972190169,10.779301972190169,-41.33797227741033,8,-17.123126513155572,173,0,23254,278.5,False
-0.25,-0.15,-0.45,0.25,38.52000946288305,10.779301972190169,10.779301972190169,-41.33797227741033,8,-17.123126513155572,173,0,23254,278.5,False
-0.25,-0.15,-0.55,0.25,38.52000946288305,10.779301972190169,10.779301972190169,-41.33797227741033,8,-17.123126513155572,173,0,23254,278.5,False
-0.3,-0.15,,0.25,38.52000946288305,10.779301972190169,10.779301972190169,-41.33797227741033,8,-17.123126513155572,173,0,23254,278.5,False
-0.3,-0.15,-0.45,0.25,38.52000946288305,10.779301972190169,10.779301972190169,-41.33797227741033,8,-17.123126513155572,173,0,23254,278.5,False
-0.3,-0.15,-0.55,0.25,38.52000946288305,10.779301972190169,10.779301972190169,-41.33797227741033,8,-17.123126513155572,173,0,23254,278.5,False
-0.35,-0.15,,0.25,38.52000946288305,10.779301972190169,10.779301972190169,-41.33797227741033,8,-17.123126513155572,173,0,23254,278.5,False
-0.35,-0.15,-0.45,0.25,38.52000946288305,10.779301972190169,10.779301972190169,-41.33797227741033,8,-17.123126513155572,173,0,23254,278.5,False
-0.35,-0.15,-0.55,0.25,38.52000946288305,10.779301972190169,10.779301972190169,-41.33797227741033,8,-17.123126513155572,173,0,23254,278.5,False
-0.2,-0.35,-0.55,0.5,134.42987448381155,8.580633117912262,8.580633117912262,-62.90825245508862,7,-22.474265224901803,173,0,19957,468.0,False
-0.2,-0.3,-0.45,0.25,147.14652600063388,8.125749221505373,8.125749221505373,-51.661208485558355,6,-21.510177909602913,173,0,22300,329.5,False
-0.25,-0.3,-0.45,0.25,125.79155063595687,8.125749221505373,8.125749221505373,-51.6612084855584,6,-24.897984638097114,173,0,20758,350.5,False
-0.1,-0.35,-0.45,0.25,196.4309447752382,7.926167699939102,7.926167699939102,-51.512522649379854,6,-15.170524692931785,173,0,23270,320.5,False
-0.15,-0.3,-0.45,0.25,179.06425832737943,6.048152159379461,6.048152159379461,-50.64555796779171,7,-17.859337374855578,173,0,22524,323.5,False
-0.1,-0.2,,0.25,113.40581717438343,4.032309226256614,4.032309226256614,-54.49294596750847,8,-13.729720287805701,173,0,21862,323.5,False
-0.1,-0.2,-0.55,0.25,113.40581717438343,4.032309226256614,4.032309226256614,-54.49294596750847,8,-13.729720287805701,173,0,21862,323.5,False
-0.2,-0.35,-0.45,0.25,140.25663677188422,3.2291971500731043,3.2291971500731043,-53.29341565447252,5,-21.510177909602913,173,0,23171,317.5,False
-0.25,-0.35,-0.45,0.25,119.49699008581032,3.2291971500731043,3.2291971500731043,-53.29341565447252,5,-24.897984638097114,173,0,21629,338.5,False
,-0.35,-0.45,0.25,116.24685305981237,3.2291971500731043,3.2291971500731043,-53.29341565447265,5,-23.87237422395151,173,0,20167,367.0,False
-0.35,-0.35,-0.45,0.25,116.24685305981237,3.2291971500731043,3.2291971500731043,-53.29341565447265,5,-23.87237422395151,173,0,20167,367.0,False
-0.1,-0.25,-0.35,0.25,91.66555327324903,2.9741615423344303,2.9741615423344303,-44.71416801273273,5,-13.729720287805701,173,0,25626,275.5,False
,-0.25,-0.35,0.25,70.45092450725139,2.9741615423344303,2.9741615423344303,-44.714168012732735,5,-24.49668679879383,173,0,23139,304.0,False
-0.15,-0.25,-0.35,0.25,77.27188630991424,2.9741615423344303,2.9741615423344303,-44.714168012732735,5,-17.447583121745446,173,0,24982,278.5,False
-0.25,-0.25,-0.35,0.25,70.45092450725139,2.9741615423344303,2.9741615423344303,-44.714168012732735,5,-24.49668679879383,173,0,23139,304.0,False
-0.3,-0.25,-0.35,0.25,70.45092450725139,2.9741615423344303,2.9741615423344303,-44.714168012732735,5,-24.49668679879383,173,0,23139,304.0,False
-0.35,-0.25,-0.35,0.25,70.45092450725139,2.9741615423344303,2.9741615423344303,-44.714168012732735,5,-24.49668679879383,173,0,23139,304.0,False
-0.2,-0.25,-0.35,0.25,63.93259806865987,2.9741615423344303,2.9741615423344303,-44.714168012732834,5,-21.510177909602913,173,0,24900,278.5,False
-0.1,-0.3,-0.45,0.25,211.599675685052,2.6392330532895913,2.6392330532895913,-51.66182236743888,7,-15.170524692931785,173,0,22919,325.0,False
,,-0.55,0.25,144.91688795151015,2.395423295086063,2.395423295086063,-61.77416482083915,5,-24.489644621639396,173,0,16889,430.0,False
-0.25,,-0.55,0.25,81.0334194671523,2.395423295086063,2.395423295086063,-61.77416482083915,6,-24.897984638097114,173,0,20437,362.5,False
-0.35,,-0.55,0.25,144.91688795151015,2.395423295086063,2.395423295086063,-61.77416482083915,5,-24.489644621639396,173,0,16889,430.0,False
-0.3,,-0.55,0.25,63.80854849959321,2.395423295086063,2.395423295086063,-61.7741648208392,6,-28.608315095364645,173,0,20042,371.5,False
-0.15,-0.3,,0.25,179.06425832737943,2.0067288393587512,2.0067288393587512,-59.47950130318821,7,-17.859337374855578,173,0,17732,392.5,False
-0.1,-0.15,-0.25,0.25,44.90434809767989,1.9342358942137095,1.9342358942137095,-32.34657473487541,8,-13.729720287805701,173,0,25836,251.5,False
,-0.15,-0.25,0.25,39.2045947346984,1.9342358942137095,1.9342358942137095,-32.34657473487545,8,-17.123126513155572,173,0,25211,254.5,False
-0.15,-0.15,-0.25,0.25,39.2045947346984,1.9342358942137095,1.9342358942137095,-32.34657473487545,8,-17.123126513155572,173,0,25211,254.5,False
-0.2,-0.15,-0.25,0.25,39.2045947346984,1.9342358942137095,1.9342358942137095,-32.34657473487545,8,-17.123126513155572,173,0,25211,254.5,False
-0.25,-0.15,-0.25,0.25,39.2045947346984,1.9342358942137095,1.9342358942137095,-32.34657473487545,8,-17.123126513155572,173,0,25211,254.5,False
-0.3,-0.15,-0.25,0.25,39.2045947346984,1.9342358942137095,1.9342358942137095,-32.34657473487545,8,-17.123126513155572,173,0,25211,254.5,False
-0.35,-0.15,-0.25,0.25,39.2045947346984,1.9342358942137095,1.9342358942137095,-32.34657473487545,8,-17.123126513155572,173,0,25211,254.5,False
-0.15,-0.35,-0.45,0.25,169.32823915386402,1.920433478774175,1.920433478774175,-53.28181707406737,6,-17.447583121745446,173,0,23261,314.5,False
-0.15,,-0.55,0.25,138.6081842947219,1.4766671944093535,1.4766671944093535,-60.323347141008554,7,-17.859337374855578,173,0,21335,352.0,False
-0.1,-0.15,-0.35,0.25,44.90434809767989,1.2579855707220533,1.2579855707220533,-36.665391099426905,8,-13.729720287805701,173,0,25573,259.0,False
,-0.15,-0.35,0.25,38.52000946288305,1.1537202442550187,1.1537202442550187,-36.7882560233171,8,-17.123126513155572,173,0,24542,260.5,False
-0.15,-0.15,-0.35,0.25,38.52000946288305,1.1537202442550187,1.1537202442550187,-36.7882560233171,8,-17.123126513155572,173,0,24542,260.5,False
-0.2,-0.15,-0.35,0.25,38.52000946288305,1.1537202442550187,1.1537202442550187,-36.7882560233171,8,-17.123126513155572,173,0,24542,260.5,False
-0.25,-0.15,-0.35,0.25,38.52000946288305,1.1537202442550187,1.1537202442550187,-36.7882560233171,8,-17.123126513155572,173,0,24542,260.5,False
-0.3,-0.15,-0.35,0.25,38.52000946288305,1.1537202442550187,1.1537202442550187,-36.7882560233171,8,-17.123126513155572,173,0,24542,260.5,False
-0.35,-0.15,-0.35,0.25,38.52000946288305,1.1537202442550187,1.1537202442550187,-36.7882560233171,8,-17.123126513155572,173,0,24542,260.5,False
-0.15,,,0.0,136.78557029787592,0.351428492538286,0.351428492538286,-78.77556367255308,8,-17.25472904540718,173,78,15728,364.0,False
-0.1,,-0.25,0.0,36.70563573389107,0.0,0.0,-25.063391605112827,10,-11.531475050014938,173,151,27832,84.0,False
-0.1,-0.25,-0.25,0.0,36.70563573389107,0.0,0.0,-25.063391605112827,10,-11.531475050014938,173,151,27832,84.0,False
-0.1,-0.3,-0.25,0.0,36.70563573389107,0.0,0.0,-25.063391605112827,10,-11.531475050014938,173,151,27832,84.0,False
-0.1,-0.35,-0.25,0.0,36.70563573389107,0.0,0.0,-25.063391605112827,10,-11.531475050014938,173,151,27832,84.0,False
-0.1,-0.2,-0.25,0.0,35.44680950798074,0.0,0.0,-25.753430222919928,10,-11.531475050014938,173,152,27774,80.0,False
-0.1,,-0.35,0.0,258.2324614385695,0.0,0.0,-35.110189083733104,9,-11.531475050014938,173,128,24209,176.0,False
-0.1,-0.35,-0.35,0.0,258.2324614385695,0.0,0.0,-35.110189083733104,9,-11.531475050014938,173,128,24209,176.0,False
-0.15,,-0.35,0.0,222.81918411432397,0.0,0.0,-35.11018908373311,9,-15.45425875717389,173,127,23565,180.0,False
-0.15,-0.35,-0.35,0.0,222.81918411432397,0.0,0.0,-35.11018908373311,9,-15.45425875717389,173,127,23565,180.0,False
-0.1,-0.25,-0.35,0.0,65.59292145268027,0.0,0.0,-35.51306219616288,9,-11.724287383592769,173,137,25692,136.0,False
-0.15,-0.25,-0.35,0.0,49.22313735554204,0.0,0.0,-35.51306219616289,9,-15.45425875717389,173,136,25048,140.0,False
-0.1,-0.3,-0.35,0.0,250.76261492228568,0.0,0.0,-36.46326838332733,9,-11.531475050014938,173,127,24052,176.0,False
-0.15,-0.3,-0.35,0.0,216.08777359903345,0.0,0.0,-36.46326838332733,9,-15.45425875717389,173,126,23408,180.0,False
-0.25,-0.35,-0.45,0.0,111.34043870870367,0.0,0.0,-45.12603999600549,9,-25.750053291592046,173,117,21725,216.0,False
-0.15,-0.35,-0.45,0.0,172.99150278723997,0.0,0.0,-45.12603999600555,9,-15.45425875717389,173,125,23352,184.0,False
-0.2,-0.35,-0.45,0.0,138.40299299682238,0.0,0.0,-45.126039996005574,9,-21.027435586565147,173,124,23267,188.0,False
-0.1,,-0.45,0.0,201.84429145708015,0.0,0.0,-45.324276532200145,9,-11.531475050014938,173,121,23341,204.0,False
-0.15,,-0.45,0.0,172.00529931442367,0.0,0.0,-45.32427653220016,9,-15.45425875717389,173,120,22697,208.0,False
-0.2,,-0.45,0.0,137.5417432611245,0.0,0.0,-45.32427653220017,9,-21.027435586565147,173,119,22612,212.0,False
-0.25,,-0.45,0.0,110.57695459849133,0.0,0.0,-45.324276532200194,9,-25.750053291592046,173,112,21070,240.0,False
-0.2,,-0.55,0.0,95.2344120320487,0.0,0.0,-55.062286833819975,9,-21.027435586565147,173,115,22124,224.0,False
-0.25,,-0.55,0.0,73.07218240518876,0.0,0.0,-55.06228683381998,9,-25.750053291592046,173,108,20582,252.0,False
,,-0.55,0.0,158.96470305872734,0.0,0.0,-55.062286833819996,8,-23.87237422395151,173,86,17034,342.0,False
-0.3,,-0.55,0.0,51.471530358275494,0.0,0.0,-55.062286833819996,9,-30.47539945376092,173,105,20187,264.0,False
-0.35,,-0.55,0.0,158.96470305872734,0.0,0.0,-55.062286833819996,8,-23.87237422395151,173,86,17034,342.0,False
-0.25,-0.35,-0.55,0.25,101.98365058804634,-1.0600773158541688,-1.0600773158541688,-60.32232882259938,7,-24.897984638097114,173,0,18997,373.0,False
,-0.35,-0.55,0.25,89.77030913900963,-1.0600773158541688,-1.0600773158541688,-60.322328822599424,7,-24.278614026067004,173,0,17874,394.0,False
-0.35,-0.35,-0.55,0.25,89.77030913900963,-1.0600773158541688,-1.0600773158541688,-60.322328822599424,7,-24.278614026067004,173,0,17874,394.0,False
-0.3,-0.35,-0.55,0.25,82.76541823527947,-1.0600773158541688,-1.0600773158541688,-60.32232882259944,7,-28.608315095364645,173,0,18602,382.0,False
-0.1,-0.25,-0.45,0.25,82.47368281143386,-1.2403826988993893,-1.2403826988993893,-50.615623523020915,7,-15.170524692931785,173,0,23129,310.0,False
-0.15,-0.25,-0.45,0.25,68.77030536511448,-1.2579037598650422,-1.2579037598650422,-50.62438486388721,7,-17.447583121745446,173,0,22474,313.0,False
-0.2,-0.25,-0.45,0.25,52.46423070643624,-1.2579037598650422,-1.2579037598650422,-50.62438486388721,7,-21.510177909602913,173,0,22389,316.0,False
,-0.25,-0.45,0.25,44.60895440023849,-1.2579037598650422,-1.2579037598650422,-50.62438486388727,7,-24.49668679879383,173,0,21046,331.0,False
-0.25,-0.25,-0.45,0.25,44.60895440023849,-1.2579037598650422,-1.2579037598650422,-50.62438486388727,7,-24.49668679879383,173,0,21046,331.0,False
-0.3,-0.25,-0.45,0.25,44.60895440023849,-1.2579037598650422,-1.2579037598650422,-50.62438486388727,7,-24.49668679879383,173,0,21046,331.0,False
-0.35,-0.25,-0.45,0.25,44.60895440023849,-1.2579037598650422,-1.2579037598650422,-50.62438486388727,7,-24.49668679879383,173,0,21046,331.0,False
,-0.3,-0.35,0.25,-1.3838483689572079,11.696919387673276,-1.3838483689572079,-44.70295865432,5,-28.31916780264101,173,0,26723,251.5,False
-0.3,-0.3,-0.35,0.25,-1.3838483689572079,11.696919387673276,-1.3838483689572079,-44.70295865432,5,-28.31916780264101,173,0,26723,251.5,False
-0.35,-0.3,-0.35,0.25,-1.3838483689572079,11.696919387673276,-1.3838483689572079,-44.70295865432,5,-28.31916780264101,173,0,26723,251.5,False
-0.2,,-0.55,0.25,106.46012591293363,-1.716837939021132,-1.716837939021132,-61.78661816354838,6,-21.510177909602913,173,0,21992,344.5,False
-0.1,-0.25,,0.25,82.47368281143386,-1.7990320122235004,-1.7990320122235004,-60.23976458459247,8,-15.170524692931785,173,0,21564,332.5,False
-0.2,-0.3,,0.25,147.14652600063388,-2.043421755720576,-2.043421755720576,-61.853216040743476,7,-21.510177909602913,173,0,15455,425.5,False
-0.15,-0.25,-0.45,0.0,49.22313735554204,-3.3806743667295303,-3.3806743667295303,-45.08459246471275,8,-15.45425875717389,173,118,22122,206.0,False
-0.1,-0.2,-0.35,0.25,113.40581717438343,-3.5474041799634093,-3.5474041799634093,-41.45334853250823,7,-13.729720287805701,173,0,24785,284.5,False
,-0.2,-0.35,0.25,85.85019964598459,-3.5867703617169178,-3.5867703617169178,-41.47724377455041,7,-20.917864270037224,173,0,24313,283.0,False
-0.2,-0.2,-0.35,0.25,85.85019964598459,-3.5867703617169178,-3.5867703617169178,-41.47724377455041,7,-20.917864270037224,173,0,24313,283.0,False
-0.25,-0.2,-0.35,0.25,85.85019964598459,-3.5867703617169178,-3.5867703617169178,-41.47724377455041,7,-20.917864270037224,173,0,24313,283.0,False
-0.3,-0.2,-0.35,0.25,85.85019964598459,-3.5867703617169178,-3.5867703617169178,-41.47724377455041,7,-20.917864270037224,173,0,24313,283.0,False
-0.35,-0.2,-0.35,0.25,85.85019964598459,-3.5867703617169178,-3.5867703617169178,-41.47724377455041,7,-20.917864270037224,173,0,24313,283.0,False
-0.15,-0.2,-0.35,0.25,97.37950358809596,-3.5867703617169178,-3.5867703617169178,-41.477243774550445,7,-17.447583121745446,173,0,24362,283.0,False
-0.2,-0.25,-0.45,0.0,30.316299982652794,-4.260665780808459,-4.260665780808459,-45.584752104774,8,-21.027435586565147,173,115,21732,216.0,False
,-0.25,-0.45,0.0,21.441847711265027,-4.260665780808459,-4.260665780808459,-45.58475210477404,8,-24.703651153220875,173,110,20389,236.0,False
-0.25,-0.25,-0.45,0.0,21.441847711265027,-4.260665780808459,-4.260665780808459,-45.58475210477404,8,-24.703651153220875,173,110,20389,236.0,False
-0.3,-0.25,-0.45,0.0,21.441847711265027,-4.260665780808459,-4.260665780808459,-45.58475210477404,8,-24.703651153220875,173,110,20389,236.0,False
-0.35,-0.25,-0.45,0.0,21.441847711265027,-4.260665780808459,-4.260665780808459,-45.58475210477404,8,-24.703651153220875,173,110,20389,236.0,False
-0.3,-0.35,-0.35,0.25,-4.392893924369545,28.28301327911886,-4.392893924369545,-45.95362094302856,5,-28.608315095364645,173,0,26226,266.5,False
-0.2,-0.35,-0.55,0.25,129.71090355713054,-4.807791779431336,-4.807791779431336,-60.33826647312181,7,-21.510177909602913,173,0,20452,352.0,False
-0.25,-0.3,,0.25,125.79155063595687,-4.85971741793485,-4.85971741793485,-62.94995322896959,7,-24.897984638097114,173,0,12513,461.5,False
,-0.3,,0.25,109.5249539177988,-4.85971741793485,-4.85971741793485,-62.94995322896961,7,-28.31916780264101,173,0,12373,464.5,False
-0.3,-0.3,,0.25,109.5249539177988,-4.85971741793485,-4.85971741793485,-62.94995322896961,7,-28.31916780264101,173,0,12373,464.5,False
-0.35,-0.3,,0.25,109.5249539177988,-4.85971741793485,-4.85971741793485,-62.94995322896961,7,-28.31916780264101,173,0,12373,464.5,False
-0.15,-0.2,,0.25,97.37950358809596,-4.939820030728481,-4.939820030728481,-58.41764180403114,8,-17.447583121745446,173,0,20577,329.5,False
-0.1,-0.15,-0.25,0.0,21.772720388650168,-5.156234325728404,-5.156234325728404,-25.437060581584348,9,-11.531475050014938,173,145,26300,98.0,False
-0.3,,-0.35,0.25,-6.314247997456701,30.93172347502651,-6.314247997456701,-46.68055345838501,5,-28.608315095364645,173,0,26234,263.5,False
-0.25,-0.3,-0.35,0.25,-6.477087376312429,11.696919387673276,-6.477087376312429,-44.70295865431998,6,-24.897984638097114,173,0,26267,268.0,False
-0.1,-0.3,,0.25,211.599675685052,-6.78252052767675,-6.78252052767675,-61.75876622113417,8,-15.170524692931785,173,0,19866,365.5,False
,-0.35,-0.35,0.25,-6.998477961353123,28.28301327911886,-6.998477961353123,-45.953620943028554,5,-23.87237422395151,173,0,25984,272.5,False
-0.35,-0.35,-0.35,0.25,-6.998477961353123,28.28301327911886,-6.998477961353123,-45.953620943028554,5,-23.87237422395151,173,0,25984,272.5,False
-0.15,-0.3,-0.45,0.0,191.77432588501978,-8.062053030788864,-8.062053030788864,-46.07886205656967,9,-15.45425875717389,173,117,21627,214.0,False
-0.1,-0.35,-0.45,0.0,216.23225815819347,-8.062053030788864,-8.062053030788864,-47.33615762009554,9,-11.724287383592769,173,118,22291,210.0,False
-0.2,-0.3,-0.45,0.0,148.1499156883206,-8.062053030788864,-8.062053030788864,-47.48739868765649,9,-21.027435586565147,173,115,21333,222.0,False
-0.25,-0.3,-0.45,0.0,119.98092971843066,-8.062053030788864,-8.062053030788864,-47.48739868765652,9,-25.750053291592046,173,108,19791,250.0,False
-0.15,,-0.55,0.0,136.78557029787592,-8.062053030788864,-8.062053030788864,-56.241018258484424,9,-15.45425875717389,173,109,20705,246.0,False
-0.1,-0.25,-0.55,0.25,82.47368281143386,-8.311326311651946,-8.311326311651946,-57.0232230865931,8,-15.170524692931785,173,0,22869,314.5,False
,-0.35,-0.55,0.0,74.48006128963729,-8.716948224358735,-8.716948224358735,-55.05960105295171,9,-32.89967587454687,173,101,18610,278.0,False
-0.3,-0.35,-0.55,0.0,65.94601119493954,-8.716948224358735,-8.716948224358735,-55.05960105295171,9,-30.47539945376092,173,105,19338,262.0,False
-0.35,-0.35,-0.55,0.0,74.48006128963729,-8.716948224358735,-8.716948224358735,-55.05960105295171,9,-32.89967587454687,173,101,18610,278.0,False
-0.25,-0.35,-0.55,0.0,89.61080178572942,-8.716948224358735,-8.716948224358735,-55.059601052951734,9,-25.750053291592046,173,108,19733,250.0,False
,-0.2,,0.25,85.85019964598459,-8.80637191996616,-8.80637191996616,-60.10899506775903,8,-20.917864270037224,173,0,19598,338.5,False
-0.2,-0.2,,0.25,85.85019964598459,-8.80637191996616,-8.80637191996616,-60.10899506775903,8,-20.917864270037224,173,0,19598,338.5,False
-0.25,-0.2,,0.25,85.85019964598459,-8.80637191996616,-8.80637191996616,-60.10899506775903,8,-20.917864270037224,173,0,19598,338.5,False
-0.3,-0.2,,0.25,85.85019964598459,-8.80637191996616,-8.80637191996616,-60.10899506775903,8,-20.917864270037224,173,0,19598,338.5,False
-0.35,-0.2,,0.25,85.85019964598459,-8.80637191996616,-8.80637191996616,-60.10899506775903,8,-20.917864270037224,173,0,19598,338.5,False
-0.1,,-0.55,0.25,166.42692721621043,-8.825647210360565,-8.825647210360565,-60.35427502784182,7,-15.170524692931785,173,0,20914,361.0,False
,,-0.35,0.25,-8.867469300039875,30.93172347502651,-8.867469300039875,-46.68055345838501,5,-23.87237422395151,173,0,25992,269.5,False
-0.35,,-0.35,0.25,-8.867469300039875,30.93172347502651,-8.867469300039875,-46.68055345838501,5,-23.87237422395151,173,0,25992,269.5,False
-0.1,-0.3,-0.45,0.0,237.99020484207256,-10.378240942882211,-10.378240942882211,-45.13073411289401,9,-11.724287383592769,173,118,22239,210.0,False
-0.1,,-0.55,0.0,174.29145167544365,-10.378240942882211,-10.378240942882211,-55.47157764654016,9,-11.724287383592769,173,110,21317,242.0,False
-0.1,-0.15,,0.0,21.772720388650168,-10.467322212377717,-10.467322212377717,-45.55999473714637,8,-11.531475050014938,173,135,24460,136.0,False
-0.1,-0.15,-0.55,0.0,21.772720388650168,-10.467322212377717,-10.467322212377717,-45.55999473714637,8,-11.531475050014938,173,135,24460,136.0,False
-0.25,-0.3,-0.55,0.25,125.79155063595687,-11.510876790605273,-11.510876790605273,-58.03897964777749,7,-24.897984638097114,173,0,15952,424.0,False
,-0.3,-0.55,0.25,109.5249539177988,-11.510876790605273,-11.510876790605273,-58.03897964777755,7,-28.31916780264101,173,0,15812,427.0,False
-0.3,-0.3,-0.55,0.25,109.5249539177988,-11.510876790605273,-11.510876790605273,-58.03897964777755,7,-28.31916780264101,173,0,15812,427.0,False
-0.35,-0.3,-0.55,0.25,109.5249539177988,-11.510876790605273,-11.510876790605273,-58.03897964777755,7,-28.31916780264101,173,0,15812,427.0,False
-0.1,-0.35,-0.55,0.25,196.4309447752382,-11.727796211351805,-11.727796211351805,-59.3638872904505,8,-15.170524692931785,173,0,21523,341.5,False
-0.25,-0.35,-0.35,0.25,-11.800479292840006,28.28301327911886,-11.800479292840006,-45.95362094302856,6,-24.897984638097114,173,0,26377,271.0,False
-0.2,-0.25,,0.0,30.316299982652794,-11.89008151129407,-11.89008151129407,-59.41501293855638,7,-21.027435586565147,173,101,18243,272.0,False
,-0.25,,0.0,21.441847711265027,-12.493468426638332,-12.493468426638332,-59.692943625275085,7,-24.703651153220875,173,92,15621,308.0,False
-0.25,-0.25,,0.0,21.441847711265027,-12.493468426638332,-12.493468426638332,-59.692943625275085,7,-24.703651153220875,173,92,15621,308.0,False
-0.3,-0.25,,0.0,21.441847711265027,-12.493468426638332,-12.493468426638332,-59.692943625275085,7,-24.703651153220875,173,92,15621,308.0,False
-0.35,-0.25,,0.0,21.441847711265027,-12.493468426638332,-12.493468426638332,-59.692943625275085,7,-24.703651153220875,173,92,15621,308.0,False
-0.15,-0.35,-0.55,0.25,165.47935766338347,-12.818800958053112,-12.818800958053112,-59.39943964806027,7,-17.859337374855578,173,0,19777,365.5,False
-0.15,-0.25,,0.0,49.22313735554204,-12.84485003099618,-12.84485003099618,-59.85479620794791,7,-16.249895291949034,173,106,19492,252.0,False
-0.2,-0.35,-0.55,0.0,125.08692345299673,-13.400387105842393,-13.400387105842393,-55.13364226008726,7,-21.22956590890056,173,86,15518,332.0,False
-0.25,,-0.35,0.25,-13.572967921676682,30.93172347502651,-13.572967921676682,-46.680553458385,6,-24.897984638097114,173,0,26385,268.0,False
-0.1,-0.2,-0.35,0.0,104.04053634845059,-14.199488517567161,-14.199488517567161,-35.42664867633671,9,-11.531475050014938,173,131,24147,154.0,False
,-0.2,-0.35,0.0,69.69100728841727,-14.199488517567161,-14.199488517567161,-35.426648676336725,9,-19.907762916618875,173,130,23454,158.0,False
-0.15,-0.2,-0.35,0.0,83.86999102690503,-14.199488517567161,-14.199488517567161,-35.426648676336725,9,-15.45425875717389,173,130,23503,158.0,False
-0.2,-0.2,-0.35,0.0,69.69100728841727,-14.199488517567161,-14.199488517567161,-35.426648676336725,9,-19.907762916618875,173,130,23454,158.0,False
-0.25,-0.2,-0.35,0.0,69.69100728841727,-14.199488517567161,-14.199488517567161,-35.426648676336725,9,-19.907762916618875,173,130,23454,158.0,False
-0.3,-0.2,-0.35,0.0,69.69100728841727,-14.199488517567161,-14.199488517567161,-35.426648676336725,9,-19.907762916618875,173,130,23454,158.0,False
-0.35,-0.2,-0.35,0.0,69.69100728841727,-14.199488517567161,-14.199488517567161,-35.426648676336725,9,-19.907762916618875,173,130,23454,158.0,False
,-0.15,,0.0,14.672197495701678,-15.735120301412609,-15.735120301412609,-48.76305939216503,8,-15.741906194699439,173,133,23254,144.0,False
,-0.15,-0.55,0.0,14.672197495701678,-15.735120301412609,-15.735120301412609,-48.76305939216503,8,-15.741906194699439,173,133,23254,144.0,False
-0.15,-0.15,,0.0,14.672197495701678,-15.735120301412609,-15.735120301412609,-48.76305939216503,8,-15.741906194699439,173,133,23254,144.0,False
-0.15,-0.15,-0.55,0.0,14.672197495701678,-15.735120301412609,-15.735120301412609,-48.76305939216503,8,-15.741906194699439,173,133,23254,144.0,False
-0.2,-0.15,,0.0,14.672197495701678,-15.735120301412609,-15.735120301412609,-48.76305939216503,8,-15.741906194699439,173,133,23254,144.0,False
-0.2,-0.15,-0.55,0.0,14.672197495701678,-15.735120301412609,-15.735120301412609,-48.76305939216503,8,-15.741906194699439,173,133,23254,144.0,False
-0.25,-0.15,,0.0,14.672197495701678,-15.735120301412609,-15.735120301412609,-48.76305939216503,8,-15.741906194699439,173,133,23254,144.0,False
-0.25,-0.15,-0.55,0.0,14.672197495701678,-15.735120301412609,-15.735120301412609,-48.76305939216503,8,-15.741906194699439,173,133,23254,144.0,False
-0.3,-0.15,,0.0,14.672197495701678,-15.735120301412609,-15.735120301412609,-48.76305939216503,8,-15.741906194699439,173,133,23254,144.0,False
-0.3,-0.15,-0.55,0.0,14.672197495701678,-15.735120301412609,-15.735120301412609,-48.76305939216503,8,-15.741906194699439,173,133,23254,144.0,False
-0.35,-0.15,,0.0,14.672197495701678,-15.735120301412609,-15.735120301412609,-48.76305939216503,8,-15.741906194699439,173,133,23254,144.0,False
-0.35,-0.15,-0.55,0.0,14.672197495701678,-15.735120301412609,-15.735120301412609,-48.76305939216503,8,-15.741906194699439,173,133,23254,144.0,False
-0.15,-0.2,-0.55,0.25,97.37950358809596,-15.980710025325662,-15.980710025325662,-56.283885562674264,8,-17.447583121745446,173,0,21730,314.5,False
-0.1,-0.25,-0.45,0.0,65.59292145268027,-16.361056336931135,-16.361056336931135,-46.06380642021042,9,-11.724287383592769,173,128,23853,166.0,False
,-0.15,-0.35,0.0,14.672197495701678,-17.32415524527624,-17.32415524527624,-35.003065726173766,9,-14.74293387949377,173,141,25365,112.0,False
-0.15,-0.15,-0.35,0.0,14.672197495701678,-17.32415524527624,-17.32415524527624,-35.003065726173766,9,-14.74293387949377,173,141,25365,112.0,False
-0.2,-0.15,-0.35,0.0,14.672197495701678,-17.32415524527624,-17.32415524527624,-35.003065726173766,9,-14.74293387949377,173,141,25365,112.0,False
-0.25,-0.15,-0.35,0.0,14.672197495701678,-17.32415524527624,-17.32415524527624,-35.003065726173766,9,-14.74293387949377,173,141,25365,112.0,False
-0.3,-0.15,-0.35,0.0,14.672197495701678,-17.32415524527624,-17.32415524527624,-35.003065726173766,9,-14.74293387949377,173,141,25365,112.0,False
-0.35,-0.15,-0.35,0.0,14.672197495701678,-17.32415524527624,-17.32415524527624,-35.003065726173766,9,-14.74293387949377,173,141,25365,112.0,False
-0.1,-0.15,-0.35,0.0,21.772720388650168,-17.32415524527624,-17.32415524527624,-35.0030657261738,9,-11.531475050014938,173,142,26003,108.0,False
,-0.2,-0.55,0.25,85.85019964598459,-17.72961304146974,-17.72961304146974,-57.42529076024212,8,-21.42003179525519,173,0,21213,317.5,False
-0.2,-0.2,-0.55,0.25,85.85019964598459,-17.72961304146974,-17.72961304146974,-57.42529076024212,8,-21.42003179525519,173,0,21213,317.5,False
-0.25,-0.2,-0.55,0.25,85.85019964598459,-17.72961304146974,-17.72961304146974,-57.42529076024212,8,-21.42003179525519,173,0,21213,317.5,False
-0.3,-0.2,-0.55,0.25,85.85019964598459,-17.72961304146974,-17.72961304146974,-57.42529076024212,8,-21.42003179525519,173,0,21213,317.5,False
-0.35,-0.2,-0.55,0.25,85.85019964598459,-17.72961304146974,-17.72961304146974,-57.42529076024212,8,-21.42003179525519,173,0,21213,317.5,False
-0.2,-0.3,-0.55,0.25,147.14652600063388,-17.886233408639164,-17.886233408639164,-59.45579693585987,7,-21.510177909602913,173,0,18294,386.5,False
-0.15,-0.2,-0.45,0.25,97.37950358809596,-18.289471190917205,-18.289471190917205,-50.38260125649845,8,-17.447583121745446,173,0,23085,296.5,False
,-0.2,-0.45,0.25,85.85019964598459,-18.289471190917205,-18.289471190917205,-50.382601256498525,8,-20.917864270037224,173,0,23036,296.5,False
-0.2,-0.2,-0.45,0.25,85.85019964598459,-18.289471190917205,-18.289471190917205,-50.382601256498525,8,-20.917864270037224,173,0,23036,296.5,False
-0.25,-0.2,-0.45,0.25,85.85019964598459,-18.289471190917205,-18.289471190917205,-50.382601256498525,8,-20.917864270037224,173,0,23036,296.5,False
-0.3,-0.2,-0.45,0.25,85.85019964598459,-18.289471190917205,-18.289471190917205,-50.382601256498525,8,-20.917864270037224,173,0,23036,296.5,False
-0.35,-0.2,-0.45,0.25,85.85019964598459,-18.289471190917205,-18.289471190917205,-50.382601256498525,8,-20.917864270037224,173,0,23036,296.5,False
-0.3,-0.35,-0.45,0.25,-18.33441127082781,3.2291971500731043,-18.33441127082781,-53.29341565447263,5,-28.608315095364645,173,0,25949,272.5,False
-0.1,-0.2,-0.45,0.25,113.40581717438343,-18.41274923848042,-18.41274923848042,-49.9925819402613,8,-13.729720287805701,173,0,23742,293.5,False
-0.15,-0.35,-0.55,0.0,172.99150278723997,-19.07085121358083,-19.07085121358083,-55.59097126336723,8,-16.249895291949034,173,107,20339,250.0,False
-0.15,-0.3,-0.55,0.0,191.77432588501978,-20.86263335165146,-20.86263335165146,-55.02079203845087,8,-16.249895291949034,173,106,20263,252.0,False
-0.2,-0.25,-0.55,0.0,30.316299982652794,-21.115900589965754,-21.115900589965754,-55.16474122787238,8,-21.027435586565147,173,111,20167,232.0,False
,-0.25,-0.55,0.0,21.441847711265027,-21.12600585259066,-21.12600585259066,-55.17048474358898,8,-24.703651153220875,173,105,18603,256.0,False
-0.25,-0.25,-0.55,0.0,21.441847711265027,-21.12600585259066,-21.12600585259066,-55.17048474358898,8,-24.703651153220875,173,105,18603,256.0,False
-0.3,-0.25,-0.55,0.0,21.441847711265027,-21.12600585259066,-21.12600585259066,-55.17048474358898,8,-24.703651153220875,173,105,18603,256.0,False
-0.35,-0.25,-0.55,0.0,21.441847711265027,-21.12600585259066,-21.12600585259066,-55.17048474358898,8,-24.703651153220875,173,105,18603,256.0,False
-0.25,-0.3,-0.55,0.0,119.98092971843066,-21.241851671989686,-21.241851671989686,-55.23632788979036,8,-25.750053291592046,173,90,17278,316.0,False
,-0.3,-0.55,0.0,99.10818955879535,-21.241851671989686,-21.241851671989686,-55.23632788979046,8,-29.74294254239187,173,89,17138,320.0,False
-0.3,-0.3,-0.55,0.0,99.10818955879535,-21.241851671989686,-21.241851671989686,-55.23632788979046,8,-29.74294254239187,173,89,17138,320.0,False
-0.35,-0.3,-0.55,0.0,99.10818955879535,-21.241851671989686,-21.241851671989686,-55.23632788979046,8,-29.74294254239187,173,89,17138,320.0,False
-0.15,-0.25,-0.55,0.0,49.22313735554204,-21.648018441991866,-21.648018441991866,-55.46718039839329,8,-16.249895291949034,173,116,21417,212.0,False
-0.2,-0.3,-0.55,0.0,148.1499156883206,-21.8938481242824,-21.8938481242824,-55.60690231322529,8,-21.22956590890056,173,98,18909,284.0,False
-0.1,-0.3,-0.55,0.25,211.599675685052,-22.070675395196794,-22.070675395196794,-58.19641146552572,8,-15.170524692931785,173,0,21319,344.5,False
-0.1,-0.2,,0.0,104.04053634845059,-22.507544189785456,-22.507544189785456,-55.103620339398084,8,-11.531475050014938,173,118,21862,204.0,False
-0.1,-0.35,-0.55,0.0,216.23225815819347,-22.528390335618496,-22.528390335618496,-55.62275670949239,9,-11.724287383592769,173,117,22175,210.0,False
-0.3,,-0.45,0.25,-22.534696256924313,17.312302611841645,-22.534696256924313,-53.68511653777646,5,-28.608315095364645,173,0,24997,293.5,False
-0.15,-0.3,,0.0,191.77432588501978,-24.512762264068222,-24.512762264068222,-62.72891548145786,7,-16.249895291949034,173,95,17732,296.0,False
,-0.15,-0.25,0.0,-24.574331187554677,0.0,-24.574331187554677,-25.084595464444682,12,-14.74293387949377,173,171,31402,6.0,False
-0.15,-0.15,-0.25,0.0,-24.574331187554677,0.0,-24.574331187554677,-25.084595464444682,12,-14.74293387949377,173,171,31402,6.0,False
-0.2,-0.15,-0.25,0.0,-24.574331187554677,0.0,-24.574331187554677,-25.084595464444682,12,-14.74293387949377,173,171,31402,6.0,False
-0.25,-0.15,-0.25,0.0,-24.574331187554677,0.0,-24.574331187554677,-25.084595464444682,12,-14.74293387949377,173,171,31402,6.0,False
-0.3,-0.15,-0.25,0.0,-24.574331187554677,0.0,-24.574331187554677,-25.084595464444682,12,-14.74293387949377,173,171,31402,6.0,False
-0.35,-0.15,-0.25,0.0,-24.574331187554677,0.0,-24.574331187554677,-25.084595464444682,12,-14.74293387949377,173,171,31402,6.0,False
,,-0.25,0.0,-24.703651153220875,0.0,-24.703651153220875,-25.21304056403666,12,-24.703651153220875,173,166,30124,26.0,False
,-0.25,-0.25,0.0,-24.703651153220875,0.0,-24.703651153220875,-25.21304056403666,12,-24.703651153220875,173,166,30124,26.0,False
,-0.3,-0.25,0.0,-24.703651153220875,0.0,-24.703651153220875,-25.21304056403666,12,-24.703651153220875,173,166,30124,26.0,False
,-0.35,-0.25,0.0,-24.703651153220875,0.0,-24.703651153220875,-25.21304056403666,12,-24.703651153220875,173,166,30124,26.0,False
-0.25,,-0.25,0.0,-24.703651153220875,0.0,-24.703651153220875,-25.21304056403666,12,-24.703651153220875,173,166,30124,26.0,False
-0.25,-0.25,-0.25,0.0,-24.703651153220875,0.0,-24.703651153220875,-25.21304056403666,12,-24.703651153220875,173,166,30124,26.0,False
-0.25,-0.3,-0.25,0.0,-24.703651153220875,0.0,-24.703651153220875,-25.21304056403666,12,-24.703651153220875,173,166,30124,26.0,False
-0.25,-0.35,-0.25,0.0,-24.703651153220875,0.0,-24.703651153220875,-25.21304056403666,12,-24.703651153220875,173,166,30124,26.0,False
-0.3,,-0.25,0.0,-24.703651153220875,0.0,-24.703651153220875,-25.21304056403666,12,-24.703651153220875,173,166,30124,26.0,False
-0.3,-0.25,-0.25,0.0,-24.703651153220875,0.0,-24.703651153220875,-25.21304056403666,12,-24.703651153220875,173,166,30124,26.0,False
-0.3,-0.3,-0.25,0.0,-24.703651153220875,0.0,-24.703651153220875,-25.21304056403666,12,-24.703651153220875,173,166,30124,26.0,False
-0.3,-0.35,-0.25,0.0,-24.703651153220875,0.0,-24.703651153220875,-25.21304056403666,12,-24.703651153220875,173,166,30124,26.0,False
-0.35,,-0.25,0.0,-24.703651153220875,0.0,-24.703651153220875,-25.21304056403666,12,-24.703651153220875,173,166,30124,26.0,False
-0.35,-0.25,-0.25,0.0,-24.703651153220875,0.0,-24.703651153220875,-25.21304056403666,12,-24.703651153220875,173,166,30124,26.0,False
-0.35,-0.3,-0.25,0.0,-24.703651153220875,0.0,-24.703651153220875,-25.21304056403666,12,-24.703651153220875,173,166,30124,26.0,False
-0.35,-0.35,-0.25,0.0,-24.703651153220875,0.0,-24.703651153220875,-25.21304056403666,12,-24.703651153220875,173,166,30124,26.0,False
,-0.2,-0.25,0.0,-24.740971319596838,0.0,-24.740971319596838,-25.250108254723525,12,-19.907762916618875,173,171,31379,6.0,False
-0.2,-0.2,-0.25,0.0,-24.740971319596838,0.0,-24.740971319596838,-25.250108254723525,12,-19.907762916618875,173,171,31379,6.0,False
-0.25,-0.2,-0.25,0.0,-24.740971319596838,0.0,-24.740971319596838,-25.250108254723525,12,-19.907762916618875,173,171,31379,6.0,False
-0.3,-0.2,-0.25,0.0,-24.740971319596838,0.0,-24.740971319596838,-25.250108254723525,12,-19.907762916618875,173,171,31379,6.0,False
-0.35,-0.2,-0.25,0.0,-24.740971319596838,0.0,-24.740971319596838,-25.250108254723525,12,-19.907762916618875,173,171,31379,6.0,False
-0.15,,-0.25,0.0,-24.9677883545523,0.0,-24.9677883545523,-25.47539084348648,12,-15.187676421793483,173,171,31400,6.0,False
-0.15,-0.2,-0.25,0.0,-24.9677883545523,0.0,-24.9677883545523,-25.47539084348648,12,-15.187676421793483,173,171,31400,6.0,False
-0.15,-0.25,-0.25,0.0,-24.9677883545523,0.0,-24.9677883545523,-25.47539084348648,12,-15.187676421793483,173,171,31400,6.0,False
-0.15,-0.3,-0.25,0.0,-24.9677883545523,0.0,-24.9677883545523,-25.47539084348648,12,-15.187676421793483,173,171,31400,6.0,False
-0.15,-0.35,-0.25,0.0,-24.9677883545523,0.0,-24.9677883545523,-25.47539084348648,12,-15.187676421793483,173,171,31400,6.0,False
-0.2,,-0.25,0.0,-24.978625674205123,0.0,-24.978625674205123,-25.486154847288557,12,-20.706601671663005,173,171,31362,6.0,False
-0.2,-0.25,-0.25,0.0,-24.978625674205123,0.0,-24.978625674205123,-25.486154847288557,12,-20.706601671663005,173,171,31362,6.0,False
-0.2,-0.3,-0.25,0.0,-24.978625674205123,0.0,-24.978625674205123,-25.486154847288557,12,-20.706601671663005,173,171,31362,6.0,False
-0.2,-0.35,-0.25,0.0,-24.978625674205123,0.0,-24.978625674205123,-25.486154847288557,12,-20.706601671663005,173,171,31362,6.0,False
,-0.3,-0.45,0.25,-25.03769554855876,8.125749221505373,-25.03769554855876,-51.66120848555848,6,-28.31916780264101,173,0,25396,278.5,False
-0.3,-0.3,-0.45,0.25,-25.03769554855876,8.125749221505373,-25.03769554855876,-51.66120848555848,6,-28.31916780264101,173,0,25396,278.5,False
-0.35,-0.3,-0.45,0.25,-25.03769554855876,8.125749221505373,-25.03769554855876,-51.66120848555848,6,-28.31916780264101,173,0,25396,278.5,False
-0.1,-0.3,-0.55,0.0,237.99020484207256,-26.75979060486473,-26.75979060486473,-55.16003518333269,9,-11.724287383592769,173,115,21941,218.0,False
-0.1,-0.2,-0.45,0.0,104.04053634845059,-27.53429509945622,-27.53429509945622,-45.462406451763485,9,-11.531475050014938,173,128,23853,164.0,False
,-0.2,-0.45,0.0,69.69100728841727,-27.625485686466877,-27.625485686466877,-45.53103636679209,9,-19.907762916618875,173,128,23206,166.0,False
-0.15,-0.2,-0.45,0.0,83.86999102690503,-27.625485686466877,-27.625485686466877,-45.53103636679209,9,-15.45425875717389,173,128,23255,166.0,False
-0.2,-0.2,-0.45,0.0,69.69100728841727,-27.625485686466877,-27.625485686466877,-45.53103636679209,9,-19.907762916618875,173,128,23206,166.0,False
-0.25,-0.2,-0.45,0.0,69.69100728841727,-27.625485686466877,-27.625485686466877,-45.53103636679209,9,-19.907762916618875,173,128,23206,166.0,False
-0.3,-0.2,-0.45,0.0,69.69100728841727,-27.625485686466877,-27.625485686466877,-45.53103636679209,9,-19.907762916618875,173,128,23206,166.0,False
-0.35,-0.2,-0.45,0.0,69.69100728841727,-27.625485686466877,-27.625485686466877,-45.53103636679209,9,-19.907762916618875,173,128,23206,166.0,False
-0.1,-0.25,,0.0,65.59292145268027,-28.24434534748056,-28.24434534748056,-62.4993937163276,8,-11.724287383592769,173,115,21564,216.0,False
-0.2,-0.3,,0.0,148.1499156883206,-28.482348002278044,-28.482348002278044,-64.68885957253691,7,-21.22956590890056,173,84,15455,340.0,False
,-0.15,-0.45,0.0,14.672197495701678,-30.076739694256794,-30.076739694256794,-45.02871343150849,9,-15.741906194699439,173,140,24720,116.0,False
-0.15,-0.15,-0.45,0.0,14.672197495701678,-30.076739694256794,-30.076739694256794,-45.02871343150849,9,-15.741906194699439,173,140,24720,116.0,False
-0.2,-0.15,-0.45,0.0,14.672197495701678,-30.076739694256794,-30.076739694256794,-45.02871343150849,9,-15.741906194699439,173,140,24720,116.0,False
-0.25,-0.15,-0.45,0.0,14.672197495701678,-30.076739694256794,-30.076739694256794,-45.02871343150849,9,-15.741906194699439,173,140,24720,116.0,False
-0.3,-0.15,-0.45,0.0,14.672197495701678,-30.076739694256794,-30.076739694256794,-45.02871343150849,9,-15.741906194699439,173,140,24720,116.0,False
-0.35,-0.15,-0.45,0.0,14.672197495701678,-30.076739694256794,-30.076739694256794,-45.02871343150849,9,-15.741906194699439,173,140,24720,116.0,False
-0.1,-0.15,-0.45,0.0,21.772720388650168,-30.198488670206235,-30.198488670206235,-45.12442833120103,9,-11.531475050014938,173,141,25735,112.0,False
-0.1,-0.25,-0.55,0.0,65.59292145268027,-30.570945885730605,-30.570945885730605,-55.227329055538675,9,-11.724287383592769,173,125,23555,176.0,False
-0.25,-0.3,,0.0,119.98092971843066,-31.21067909951769,-31.21067909951769,-66.0359463380575,7,-25.750053291592046,173,72,12513,388.0,False
,-0.3,,0.0,99.10818955879535,-31.21067909951769,-31.21067909951769,-66.03594633805758,7,-29.74294254239187,173,71,12373,392.0,False
-0.3,-0.3,,0.0,99.10818955879535,-31.21067909951769,-31.21067909951769,-66.03594633805758,7,-29.74294254239187,173,71,12373,392.0,False
-0.35,-0.3,,0.0,99.10818955879535,-31.21067909951769,-31.21067909951769,-66.03594633805758,7,-29.74294254239187,173,71,12373,392.0,False
-0.15,-0.2,,0.0,83.86999102690503,-31.287890431808442,-31.287890431808442,-60.19064144760564,8,-15.741906194699439,173,116,20577,212.0,False
-0.1,-0.3,,0.0,237.99020484207256,-33.05806726692542,-33.05806726692542,-64.39735857248955,8,-11.724287383592769,173,104,19866,260.0,False
-0.3,,-0.35,0.0,-34.59605097144055,0.0,-34.59605097144055,-35.03851703481473,12,-30.120560332949275,173,164,29862,34.0,False
-0.3,-0.35,-0.35,0.0,-34.59605097144055,0.0,-34.59605097144055,-35.03851703481473,12,-30.120560332949275,173,164,29862,34.0,False
,-0.2,,0.0,69.69100728841727,-34.98886250320395,-34.98886250320395,-62.33485336466757,8,-20.280216165418143,173,113,19598,224.0,False
-0.2,-0.2,,0.0,69.69100728841727,-34.98886250320395,-34.98886250320395,-62.33485336466757,8,-20.280216165418143,173,113,19598,224.0,False
-0.25,-0.2,,0.0,69.69100728841727,-34.98886250320395,-34.98886250320395,-62.33485336466757,8,-20.280216165418143,173,113,19598,224.0,False
-0.3,-0.2,,0.0,69.69100728841727,-34.98886250320395,-34.98886250320395,-62.33485336466757,8,-20.280216165418143,173,113,19598,224.0,False
-0.35,-0.2,,0.0,69.69100728841727,-34.98886250320395,-34.98886250320395,-62.33485336466757,8,-20.280216165418143,173,113,19598,224.0,False
,-0.3,-0.35,0.0,-35.17494680186749,0.0,-35.17494680186749,-35.61349656105827,12,-29.74294254239187,173,165,29925,30.0,False
-0.3,-0.3,-0.35,0.0,-35.17494680186749,0.0,-35.17494680186749,-35.61349656105827,12,-29.74294254239187,173,165,29925,30.0,False
-0.35,-0.3,-0.35,0.0,-35.17494680186749,0.0,-35.17494680186749,-35.61349656105827,12,-29.74294254239187,173,165,29925,30.0,False
-0.2,,-0.35,0.0,-35.526042748363906,0.0,-35.526042748363906,-35.962217298662544,12,-20.706601671663005,173,170,31300,10.0,False
-0.2,-0.25,-0.35,0.0,-35.526042748363906,0.0,-35.526042748363906,-35.962217298662544,12,-20.706601671663005,173,170,31300,10.0,False
-0.2,-0.3,-0.35,0.0,-35.526042748363906,0.0,-35.526042748363906,-35.962217298662544,12,-20.706601671663005,173,170,31300,10.0,False
-0.2,-0.35,-0.35,0.0,-35.526042748363906,0.0,-35.526042748363906,-35.962217298662544,12,-20.706601671663005,173,170,31300,10.0,False
,,-0.35,0.0,-35.637334497075045,0.0,-35.637334497075045,-36.072756144488324,12,-23.87237422395151,173,160,29111,50.0,False
,-0.35,-0.35,0.0,-35.637334497075045,0.0,-35.637334497075045,-36.072756144488324,12,-23.87237422395151,173,160,29111,50.0,False
-0.35,,-0.35,0.0,-35.637334497075045,0.0,-35.637334497075045,-36.072756144488324,12,-23.87237422395151,173,160,29111,50.0,False
-0.35,-0.35,-0.35,0.0,-35.637334497075045,0.0,-35.637334497075045,-36.072756144488324,12,-23.87237422395151,173,160,29111,50.0,False
,-0.25,-0.35,0.0,-36.34014373870643,0.0,-36.34014373870643,-36.770810791893105,12,-24.703651153220875,173,166,30051,26.0,False
-0.25,-0.25,-0.35,0.0,-36.34014373870643,0.0,-36.34014373870643,-36.770810791893105,12,-24.703651153220875,173,166,30051,26.0,False
-0.3,-0.25,-0.35,0.0,-36.34014373870643,0.0,-36.34014373870643,-36.770810791893105,12,-24.703651153220875,173,166,30051,26.0,False
-0.35,-0.25,-0.35,0.0,-36.34014373870643,0.0,-36.34014373870643,-36.770810791893105,12,-24.703651153220875,173,166,30051,26.0,False
-0.25,,-0.35,0.0,-36.7908772677738,0.0,-36.7908772677738,-37.21849505110447,12,-25.236775024916327,173,165,29936,30.0,False
-0.25,-0.3,-0.35,0.0,-36.7908772677738,0.0,-36.7908772677738,-37.21849505110447,12,-25.236775024916327,173,165,29936,30.0,False
-0.25,-0.35,-0.35,0.0,-36.7908772677738,0.0,-36.7908772677738,-37.21849505110447,12,-25.236775024916327,173,165,29936,30.0,False
-0.1,-0.2,-0.55,0.0,104.04053634845059,-40.34485961118916,-40.34485961118916,-55.103620339398084,9,-11.531475050014938,173,127,23565,168.0,False
,-0.2,-0.55,0.0,69.69100728841727,-41.32295201827488,-41.32295201827488,-55.839731389769696,9,-19.907762916618875,173,126,22449,172.0,False
-0.15,-0.2,-0.55,0.0,83.86999102690503,-41.32295201827488,-41.32295201827488,-55.839731389769696,9,-15.741906194699439,173,126,22498,172.0,False
-0.2,-0.2,-0.55,0.0,69.69100728841727,-41.32295201827488,-41.32295201827488,-55.839731389769696,9,-19.907762916618875,173,126,22449,172.0,False
-0.25,-0.2,-0.55,0.0,69.69100728841727,-41.32295201827488,-41.32295201827488,-55.839731389769696,9,-19.907762916618875,173,126,22449,172.0,False
-0.3,-0.2,-0.55,0.0,69.69100728841727,-41.32295201827488,-41.32295201827488,-55.839731389769696,9,-19.907762916618875,173,126,22449,172.0,False
-0.35,-0.2,-0.55,0.0,69.69100728841727,-41.32295201827488,-41.32295201827488,-55.839731389769696,9,-19.907762916618875,173,126,22449,172.0,False
,,-0.45,0.0,-44.62542231149818,0.0,-44.62542231149818,-45.00003839760238,12,-27.26086341980214,173,157,28823,62.0,False
,-0.35,-0.45,0.0,-44.62542231149818,0.0,-44.62542231149818,-45.00003839760238,12,-27.26086341980214,173,157,28823,62.0,False
-0.35,,-0.45,0.0,-44.62542231149818,0.0,-44.62542231149818,-45.00003839760238,12,-27.26086341980214,173,157,28823,62.0,False
-0.35,-0.35,-0.45,0.0,-44.62542231149818,0.0,-44.62542231149818,-45.00003839760238,12,-27.26086341980214,173,157,28823,62.0,False
-0.3,,-0.45,0.0,-44.81441449719101,0.0,-44.81441449719101,-45.18775202703596,12,-30.120560332949275,173,163,29807,38.0,False
-0.3,-0.35,-0.45,0.0,-44.81441449719101,0.0,-44.81441449719101,-45.18775202703596,12,-30.120560332949275,173,163,29807,38.0,False
,-0.3,-0.45,0.0,-45.54986807720775,0.0,-45.54986807720775,-45.918230169710185,12,-29.74294254239187,173,164,29811,34.0,False
-0.3,-0.3,-0.45,0.0,-45.54986807720775,0.0,-45.54986807720775,-45.918230169710185,12,-29.74294254239187,173,164,29811,34.0,False
-0.35,-0.3,-0.45,0.0,-45.54986807720775,0.0,-45.54986807720775,-45.918230169710185,12,-29.74294254239187,173,164,29811,34.0,False
